vehicle_id,brand,timestamp,failure_prob,actual_label,risk_level
VEH0000,BMW,2023-01-01 00:00:00,0.0155,0,LOW
VEH0000,BMW,2023-01-01 00:56:00,0.0003,0,LOW
VEH0000,BMW,2023-01-01 01:00:00,0.0002,0,LOW
VEH0000,BMW,2023-01-01 01:12:00,0.0008,0,LOW
VEH0000,BMW,2023-01-01 01:27:00,0.0002,0,LOW
VEH0000,BMW,2023-01-01 01:28:00,0.0004,0,LOW
VEH0000,BMW,2023-01-01 02:06:00,0.0003,0,LOW
VEH0000,BMW,2023-01-01 02:10:00,0.0004,0,LOW
VEH0000,BMW,2023-01-01 02:24:00,0.0005,0,LOW
VEH0000,BMW,2023-01-01 03:00:00,0.0005,0,LOW
VEH0000,BMW,2023-01-01 03:02:00,0.0002,0,LOW
VEH0000,BMW,2023-01-01 03:28:00,0.0013,0,LOW
VEH0000,BMW,2023-01-01 04:36:00,0.0005,0,LOW
VEH0000,BMW,2023-01-01 05:00:00,0.0005,0,LOW
VEH0000,BMW,2023-01-01 05:45:00,0.0004,0,LOW
VEH0000,BMW,2023-01-01 05:57:00,0.0003,0,LOW
VEH0000,BMW,2023-01-01 06:14:00,0.0006,0,LOW
VEH0000,BMW,2023-01-01 06:14:00,0.0003,0,LOW
VEH0000,BMW,2023-01-01 07:12:00,0.0003,0,LOW
VEH0000,BMW,2023-01-01 07:17:00,0.0003,0,LOW
VEH0000,BMW,2023-01-01 08:20:00,0.0004,0,LOW
VEH0000,BMW,2023-01-01 09:40:00,0.0003,0,LOW
VEH0000,BMW,2023-01-01 11:00:00,0.0003,0,LOW
VEH0000,BMW,2023-01-01 12:18:00,0.0002,0,LOW
VEH0000,BMW,2023-01-01 13:32:00,0.0003,0,LOW
VEH0000,BMW,2023-01-01 15:36:00,0.0007,0,LOW
VEH0000,BMW,2023-01-01 16:27:00,0.0004,0,LOW
VEH0000,BMW,2023-01-01 19:12:00,0.0028,0,LOW
VEH0000,BMW,2023-01-01 19:36:00,0.0044,0,LOW
VEH0000,BMW,2023-01-01 22:00:00,0.0007,0,LOW
VEH0000,BMW,2023-01-01 22:03:00,0.0006,0,LOW
VEH0000,BMW,2023-01-01 22:06:00,0.0002,0,LOW
VEH0000,BMW,2023-01-01 22:44:00,0.0005,0,LOW
VEH0000,BMW,2023-01-02 01:00:00,0.0003,0,LOW
VEH0000,BMW,2023-01-02 04:03:00,0.0004,0,LOW
VEH0000,BMW,2023-01-02 08:05:00,0.0002,0,LOW
VEH0000,BMW,2023-01-02 09:26:00,0.0002,0,LOW
VEH0000,BMW,2023-01-02 10:32:00,0.0002,0,LOW
VEH0001,Honda,2023-01-01 00:00:00,0.0002,0,LOW
VEH0001,Honda,2023-01-01 00:24:00,0.0006,0,LOW
VEH0001,Honda,2023-01-01 00:28:00,0.0003,0,LOW
VEH0001,Honda,2023-01-01 00:35:00,0.0004,0,LOW
VEH0001,Honda,2023-01-01 01:06:00,0.0002,0,LOW
VEH0001,Honda,2023-01-01 01:10:00,0.0004,0,LOW
VEH0001,Honda,2023-01-01 01:10:00,0.0003,0,LOW
VEH0001,Honda,2023-01-01 01:25:00,0.0003,0,LOW
VEH0001,Honda,2023-01-01 02:03:00,0.0199,0,LOW
VEH0001,Honda,2023-01-01 02:15:00,0.001,0,LOW
VEH0001,Honda,2023-01-01 02:36:00,0.0002,0,LOW
VEH0001,Honda,2023-01-01 02:51:00,0.0003,0,LOW
VEH0001,Honda,2023-01-01 03:00:00,0.0033,0,LOW
VEH0001,Honda,2023-01-01 03:30:00,0.0003,0,LOW
VEH0001,Honda,2023-01-01 04:20:00,0.0065,0,LOW
VEH0001,Honda,2023-01-01 04:30:00,0.0002,0,LOW
VEH0001,Honda,2023-01-01 04:30:00,0.0005,0,LOW
VEH0001,Honda,2023-01-01 04:39:00,0.0002,0,LOW
VEH0001,Honda,2023-01-01 07:52:00,0.0002,0,LOW
VEH0001,Honda,2023-01-01 08:45:00,0.0003,0,LOW
VEH0001,Honda,2023-01-01 09:19:00,0.0008,0,LOW
VEH0001,Honda,2023-01-01 09:20:00,0.0002,0,LOW
VEH0001,Honda,2023-01-01 09:20:00,0.0006,0,LOW
VEH0001,Honda,2023-01-01 09:58:00,0.0005,0,LOW
VEH0001,Honda,2023-01-01 10:09:00,0.0007,0,LOW
VEH0001,Honda,2023-01-01 10:40:00,0.0027,0,LOW
VEH0001,Honda,2023-01-01 11:43:00,0.0003,0,LOW
VEH0001,Honda,2023-01-01 11:44:00,0.0003,0,LOW
VEH0001,Honda,2023-01-01 12:24:00,0.0003,0,LOW
VEH0001,Honda,2023-01-01 12:48:00,0.0004,0,LOW
VEH0001,Honda,2023-01-01 13:20:00,0.0003,0,LOW
VEH0001,Honda,2023-01-01 14:10:00,0.0034,0,LOW
VEH0001,Honda,2023-01-01 15:00:00,0.0191,0,LOW
VEH0001,Honda,2023-01-01 16:26:00,0.0002,0,LOW
VEH0001,Honda,2023-01-01 19:48:00,0.0015,0,LOW
VEH0001,Honda,2023-01-01 20:48:00,0.0005,0,LOW
VEH0001,Honda,2023-01-01 21:56:00,0.0009,0,LOW
VEH0001,Honda,2023-01-01 23:51:00,0.0005,0,LOW
VEH0001,Honda,2023-01-02 02:21:00,0.0003,0,LOW
VEH0001,Honda,2023-01-02 04:00:00,0.0019,0,LOW
VEH0001,Honda,2023-01-02 04:30:00,0.0002,0,LOW
VEH0001,Honda,2023-01-02 04:36:00,0.0002,0,LOW
VEH0001,Honda,2023-01-02 10:48:00,0.0003,0,LOW
VEH0001,Honda,2023-01-02 14:57:00,0.0003,0,LOW
VEH0002,Honda,2023-01-01 00:00:00,0.0004,0,LOW
VEH0002,Honda,2023-01-01 00:33:00,0.0002,0,LOW
VEH0002,Honda,2023-01-01 01:27:00,0.0004,0,LOW
VEH0002,Honda,2023-01-01 01:38:00,0.0002,0,LOW
VEH0002,Honda,2023-01-01 02:35:00,0.002,0,LOW
VEH0002,Honda,2023-01-01 03:16:00,0.0026,0,LOW
VEH0002,Honda,2023-01-01 03:36:00,0.0017,0,LOW
VEH0002,Honda,2023-01-01 04:36:00,0.0002,0,LOW
VEH0002,Honda,2023-01-01 04:40:00,0.0002,0,LOW
VEH0002,Honda,2023-01-01 04:48:00,0.0007,0,LOW
VEH0002,Honda,2023-01-01 04:48:00,0.0006,0,LOW
VEH0002,Honda,2023-01-01 05:12:00,0.0003,0,LOW
VEH0002,Honda,2023-01-01 05:40:00,0.0011,0,LOW
VEH0002,Honda,2023-01-01 05:41:00,0.0005,0,LOW
VEH0002,Honda,2023-01-01 05:51:00,0.0004,0,LOW
VEH0002,Honda,2023-01-01 06:11:00,0.0036,0,LOW
VEH0002,Honda,2023-01-01 06:12:00,0.0006,0,LOW
VEH0002,Honda,2023-01-01 06:15:00,0.0041,0,LOW
VEH0002,Honda,2023-01-01 06:27:00,0.0494,0,LOW
VEH0002,Honda,2023-01-01 07:31:00,0.0002,0,LOW
VEH0002,Honda,2023-01-01 08:24:00,0.0004,0,LOW
VEH0002,Honda,2023-01-01 09:04:00,0.0003,0,LOW
VEH0002,Honda,2023-01-01 09:06:00,0.0054,0,LOW
VEH0002,Honda,2023-01-01 11:15:00,0.0006,0,LOW
VEH0002,Honda,2023-01-01 11:30:00,0.0005,0,LOW
VEH0002,Honda,2023-01-01 12:00:00,0.0003,0,LOW
VEH0002,Honda,2023-01-01 12:28:00,0.0003,0,LOW
VEH0002,Honda,2023-01-01 13:36:00,0.0007,0,LOW
VEH0002,Honda,2023-01-01 14:53:00,0.0003,0,LOW
VEH0002,Honda,2023-01-01 16:00:00,0.0004,0,LOW
VEH0002,Honda,2023-01-01 16:30:00,0.0008,0,LOW
VEH0002,Honda,2023-01-01 17:36:00,0.0004,0,LOW
VEH0002,Honda,2023-01-01 18:40:00,0.0056,0,LOW
VEH0002,Honda,2023-01-01 19:30:00,0.0026,0,LOW
VEH0002,Honda,2023-01-01 20:18:00,0.0004,0,LOW
VEH0002,Honda,2023-01-02 03:30:00,0.0006,0,LOW
VEH0003,Mercedes-Benz,2023-01-01 00:00:00,0.0002,0,LOW
VEH0003,Mercedes-Benz,2023-01-01 00:12:00,0.0002,0,LOW
VEH0003,Mercedes-Benz,2023-01-01 00:21:00,0.0003,0,LOW
VEH0003,Mercedes-Benz,2023-01-01 00:45:00,0.0016,0,LOW
VEH0003,Mercedes-Benz,2023-01-01 00:54:00,0.0004,0,LOW
VEH0003,Mercedes-Benz,2023-01-01 01:39:00,0.0015,0,LOW
VEH0003,Mercedes-Benz,2023-01-01 02:41:00,0.0002,0,LOW
VEH0003,Mercedes-Benz,2023-01-01 02:56:00,0.0003,0,LOW
VEH0003,Mercedes-Benz,2023-01-01 03:12:00,0.0002,0,LOW
VEH0003,Mercedes-Benz,2023-01-01 03:23:00,0.0002,0,LOW
VEH0003,Mercedes-Benz,2023-01-01 03:36:00,0.0002,0,LOW
VEH0003,Mercedes-Benz,2023-01-01 04:46:00,0.0003,0,LOW
VEH0003,Mercedes-Benz,2023-01-01 04:48:00,0.001,0,LOW
VEH0003,Mercedes-Benz,2023-01-01 04:48:00,0.0002,0,LOW
VEH0003,Mercedes-Benz,2023-01-01 05:36:00,0.0007,0,LOW
VEH0003,Mercedes-Benz,2023-01-01 06:04:00,1e-04,0,LOW
VEH0003,Mercedes-Benz,2023-01-01 06:17:00,0.001,0,LOW
VEH0003,Mercedes-Benz,2023-01-01 06:20:00,0.0003,0,LOW
VEH0003,Mercedes-Benz,2023-01-01 06:24:00,0.0003,0,LOW
VEH0003,Mercedes-Benz,2023-01-01 07:05:00,0.0006,0,LOW
VEH0003,Mercedes-Benz,2023-01-01 07:48:00,0.0003,0,LOW
VEH0003,Mercedes-Benz,2023-01-01 08:30:00,0.0002,0,LOW
VEH0003,Mercedes-Benz,2023-01-01 11:00:00,0.0004,0,LOW
VEH0003,Mercedes-Benz,2023-01-01 11:48:00,0.0009,0,LOW
VEH0003,Mercedes-Benz,2023-01-01 12:59:00,0.0003,0,LOW
VEH0003,Mercedes-Benz,2023-01-01 13:12:00,0.0004,0,LOW
VEH0003,Mercedes-Benz,2023-01-01 13:18:00,0.0003,0,LOW
VEH0003,Mercedes-Benz,2023-01-01 14:51:00,0.0005,0,LOW
VEH0003,Mercedes-Benz,2023-01-01 15:40:00,0.0004,0,LOW
VEH0003,Mercedes-Benz,2023-01-01 17:03:00,0.0004,0,LOW
VEH0003,Mercedes-Benz,2023-01-01 17:05:00,0.0005,0,LOW
VEH0003,Mercedes-Benz,2023-01-01 18:22:00,0.0003,0,LOW
VEH0003,Mercedes-Benz,2023-01-01 23:14:00,0.0002,0,LOW
VEH0003,Mercedes-Benz,2023-01-02 01:12:00,0.0002,0,LOW
VEH0003,Mercedes-Benz,2023-01-02 01:50:00,0.0004,0,LOW
VEH0003,Mercedes-Benz,2023-01-02 02:36:00,0.0003,0,LOW
VEH0003,Mercedes-Benz,2023-01-02 04:35:00,0.0008,0,LOW
VEH0004,BMW,2023-01-01 00:00:00,0.0008,0,LOW
VEH0004,BMW,2023-01-01 00:21:00,0.0004,0,LOW
VEH0004,BMW,2023-01-01 00:34:00,0.0005,0,LOW
VEH0004,BMW,2023-01-01 00:40:00,0.0003,0,LOW
VEH0004,BMW,2023-01-01 00:49:00,0.0003,0,LOW
VEH0004,BMW,2023-01-01 00:50:00,0.9985,1,HIGH
VEH0004,BMW,2023-01-01 01:18:00,0.0002,0,LOW
VEH0004,BMW,2023-01-01 02:12:00,0.0014,0,LOW
VEH0004,BMW,2023-01-01 02:20:00,0.0002,0,LOW
VEH0004,BMW,2023-01-01 02:24:00,0.0002,0,LOW
VEH0004,BMW,2023-01-01 02:48:00,0.0004,0,LOW
VEH0004,BMW,2023-01-01 03:10:00,0.0011,0,LOW
VEH0004,BMW,2023-01-01 03:20:00,0.0004,0,LOW
VEH0004,BMW,2023-01-01 03:44:00,0.0004,0,LOW
VEH0004,BMW,2023-01-01 03:45:00,0.003,0,LOW
VEH0004,BMW,2023-01-01 04:08:00,0.0003,0,LOW
VEH0004,BMW,2023-01-01 04:24:00,0.0003,0,LOW
VEH0004,BMW,2023-01-01 04:59:00,0.0004,0,LOW
VEH0004,BMW,2023-01-01 05:00:00,0.0005,0,LOW
VEH0004,BMW,2023-01-01 06:32:00,0.0003,0,LOW
VEH0004,BMW,2023-01-01 06:39:00,0.0006,0,LOW
VEH0004,BMW,2023-01-01 08:20:00,0.0002,0,LOW
VEH0004,BMW,2023-01-01 09:11:00,0.0031,0,LOW
VEH0004,BMW,2023-01-01 10:49:00,0.0004,0,LOW
VEH0004,BMW,2023-01-01 11:30:00,0.0004,0,LOW
VEH0004,BMW,2023-01-01 11:37:00,0.0027,0,LOW
VEH0004,BMW,2023-01-01 13:34:00,0.0003,0,LOW
VEH0004,BMW,2023-01-01 15:36:00,0.0005,0,LOW
VEH0004,BMW,2023-01-01 16:28:00,0.0003,0,LOW
VEH0004,BMW,2023-01-01 16:29:00,0.0008,0,LOW
VEH0004,BMW,2023-01-01 17:00:00,0.0004,0,LOW
VEH0004,BMW,2023-01-01 17:16:00,0.0002,0,LOW
VEH0004,BMW,2023-01-01 18:03:00,0.0007,0,LOW
VEH0004,BMW,2023-01-02 01:04:00,0.0002,0,LOW
VEH0004,BMW,2023-01-02 02:33:00,0.0003,0,LOW
VEH0005,Audi,2023-01-01 00:00:00,0.9991,1,HIGH
VEH0005,Audi,2023-01-01 00:30:00,0.0026,0,LOW
VEH0005,Audi,2023-01-01 00:35:00,0.0005,0,LOW
VEH0005,Audi,2023-01-01 00:36:00,0.0002,0,LOW
VEH0005,Audi,2023-01-01 00:53:00,0.0002,0,LOW
VEH0005,Audi,2023-01-01 00:56:00,0.0005,0,LOW
VEH0005,Audi,2023-01-01 02:13:00,0.0002,0,LOW
VEH0005,Audi,2023-01-01 02:30:00,0.0004,0,LOW
VEH0005,Audi,2023-01-01 03:12:00,0.0002,0,LOW
VEH0005,Audi,2023-01-01 03:54:00,0.0047,0,LOW
VEH0005,Audi,2023-01-01 04:12:00,0.0002,0,LOW
VEH0005,Audi,2023-01-01 04:19:00,0.0003,0,LOW
VEH0005,Audi,2023-01-01 05:29:00,0.0007,0,LOW
VEH0005,Audi,2023-01-01 05:30:00,0.0004,0,LOW
VEH0005,Audi,2023-01-01 05:48:00,0.0002,0,LOW
VEH0005,Audi,2023-01-01 06:18:00,0.0006,0,LOW
VEH0005,Audi,2023-01-01 06:20:00,0.0004,0,LOW
VEH0005,Audi,2023-01-01 07:12:00,0.0003,0,LOW
VEH0005,Audi,2023-01-01 07:22:00,0.0145,0,LOW
VEH0005,Audi,2023-01-01 08:38:00,0.0004,0,LOW
VEH0005,Audi,2023-01-01 08:40:00,0.0005,0,LOW
VEH0005,Audi,2023-01-01 09:10:00,0.0005,0,LOW
VEH0005,Audi,2023-01-01 10:08:00,0.0018,0,LOW
VEH0005,Audi,2023-01-01 10:49:00,0.0007,0,LOW
VEH0005,Audi,2023-01-01 10:50:00,0.0003,0,LOW
VEH0005,Audi,2023-01-01 10:51:00,0.0005,0,LOW
VEH0005,Audi,2023-01-01 12:00:00,0.0002,0,LOW
VEH0005,Audi,2023-01-01 12:15:00,0.0007,0,LOW
VEH0005,Audi,2023-01-01 12:36:00,0.0002,0,LOW
VEH0005,Audi,2023-01-01 13:12:00,0.0111,0,LOW
VEH0005,Audi,2023-01-01 14:10:00,0.0005,0,LOW
VEH0005,Audi,2023-01-01 14:11:00,0.0003,0,LOW
VEH0005,Audi,2023-01-01 16:40:00,0.0012,0,LOW
VEH0005,Audi,2023-01-01 19:12:00,0.0002,0,LOW
VEH0005,Audi,2023-01-01 21:09:00,0.0003,0,LOW
VEH0005,Audi,2023-01-02 00:39:00,0.0004,0,LOW
VEH0005,Audi,2023-01-02 01:08:00,0.0005,0,LOW
VEH0005,Audi,2023-01-02 01:20:00,0.001,0,LOW
VEH0005,Audi,2023-01-02 01:51:00,0.0004,0,LOW
VEH0006,Ford,2023-01-01 00:00:00,0.0005,0,LOW
VEH0006,Ford,2023-01-01 00:37:00,0.0004,0,LOW
VEH0006,Ford,2023-01-01 00:48:00,0.0002,0,LOW
VEH0006,Ford,2023-01-01 00:56:00,0.0004,0,LOW
VEH0006,Ford,2023-01-01 01:35:00,0.0003,0,LOW
VEH0006,Ford,2023-01-01 01:44:00,0.0003,0,LOW
VEH0006,Ford,2023-01-01 01:44:00,0.0005,0,LOW
VEH0006,Ford,2023-01-01 02:13:00,0.0002,0,LOW
VEH0006,Ford,2023-01-01 02:48:00,0.0004,0,LOW
VEH0006,Ford,2023-01-01 02:50:00,0.0004,0,LOW
VEH0006,Ford,2023-01-01 02:56:00,0.0007,0,LOW
VEH0006,Ford,2023-01-01 02:57:00,0.9914,1,HIGH
VEH0006,Ford,2023-01-01 03:00:00,0.001,0,LOW
VEH0006,Ford,2023-01-01 03:27:00,0.0004,0,LOW
VEH0006,Ford,2023-01-01 03:36:00,0.0007,0,LOW
VEH0006,Ford,2023-01-01 03:40:00,0.0005,0,LOW
VEH0006,Ford,2023-01-01 04:08:00,0.0043,0,LOW
VEH0006,Ford,2023-01-01 04:59:00,0.0008,0,LOW
VEH0006,Ford,2023-01-01 05:00:00,0.0002,0,LOW
VEH0006,Ford,2023-01-01 05:00:00,0.0046,0,LOW
VEH0006,Ford,2023-01-01 05:06:00,0.0052,0,LOW
VEH0006,Ford,2023-01-01 05:20:00,0.0004,0,LOW
VEH0006,Ford,2023-01-01 06:17:00,0.0003,0,LOW
VEH0006,Ford,2023-01-01 07:09:00,0.0003,0,LOW
VEH0006,Ford,2023-01-01 08:33:00,0.0004,0,LOW
VEH0006,Ford,2023-01-01 08:38:00,0.0094,0,LOW
VEH0006,Ford,2023-01-01 09:36:00,0.0008,0,LOW
VEH0006,Ford,2023-01-01 10:48:00,0.0003,0,LOW
VEH0006,Ford,2023-01-01 11:00:00,0.0002,0,LOW
VEH0006,Ford,2023-01-01 11:15:00,0.0002,0,LOW
VEH0006,Ford,2023-01-01 11:33:00,0.0009,0,LOW
VEH0006,Ford,2023-01-01 13:40:00,0.0003,0,LOW
VEH0006,Ford,2023-01-01 14:18:00,0.0031,0,LOW
VEH0006,Ford,2023-01-01 14:35:00,0.0016,0,LOW
VEH0006,Ford,2023-01-01 15:24:00,0.0005,0,LOW
VEH0006,Ford,2023-01-01 16:28:00,0.0008,0,LOW
VEH0006,Ford,2023-01-01 17:16:00,0.0018,0,LOW
VEH0006,Ford,2023-01-01 20:48:00,0.0006,0,LOW
VEH0006,Ford,2023-01-02 06:36:00,0.0007,0,LOW
VEH0006,Ford,2023-01-02 07:26:00,0.0003,0,LOW
VEH0006,Ford,2023-01-02 08:40:00,0.0006,0,LOW
VEH0006,Ford,2023-01-02 09:15:00,0.0009,0,LOW
VEH0007,Kia,2023-01-01 00:00:00,0.0008,0,LOW
VEH0007,Kia,2023-01-01 00:38:00,0.0006,0,LOW
VEH0007,Kia,2023-01-01 00:44:00,0.0004,0,LOW
VEH0007,Kia,2023-01-01 00:48:00,0.0003,0,LOW
VEH0007,Kia,2023-01-01 01:00:00,0.0013,0,LOW
VEH0007,Kia,2023-01-01 01:10:00,0.0004,0,LOW
VEH0007,Kia,2023-01-01 01:52:00,0.001,0,LOW
VEH0007,Kia,2023-01-01 01:54:00,0.0022,0,LOW
VEH0007,Kia,2023-01-01 01:55:00,0.0004,0,LOW
VEH0007,Kia,2023-01-01 02:13:00,0.0003,0,LOW
VEH0007,Kia,2023-01-01 02:30:00,0.0002,0,LOW
VEH0007,Kia,2023-01-01 03:16:00,0.0002,0,LOW
VEH0007,Kia,2023-01-01 03:36:00,0.0004,0,LOW
VEH0007,Kia,2023-01-01 04:00:00,0.0003,0,LOW
VEH0007,Kia,2023-01-01 04:10:00,0.0002,0,LOW
VEH0007,Kia,2023-01-01 04:32:00,0.0003,0,LOW
VEH0007,Kia,2023-01-01 04:48:00,0.0038,0,LOW
VEH0007,Kia,2023-01-01 05:24:00,0.0002,0,LOW
VEH0007,Kia,2023-01-01 05:50:00,0.0003,0,LOW
VEH0007,Kia,2023-01-01 06:36:00,0.0003,0,LOW
VEH0007,Kia,2023-01-01 08:32:00,0.0006,0,LOW
VEH0007,Kia,2023-01-01 08:37:00,0.0009,0,LOW
VEH0007,Kia,2023-01-01 08:53:00,0.0002,0,LOW
VEH0007,Kia,2023-01-01 09:06:00,0.0003,0,LOW
VEH0007,Kia,2023-01-01 10:46:00,0.0005,0,LOW
VEH0007,Kia,2023-01-01 11:00:00,0.0003,0,LOW
VEH0007,Kia,2023-01-01 14:44:00,0.0002,0,LOW
VEH0007,Kia,2023-01-01 15:12:00,0.0004,0,LOW
VEH0007,Kia,2023-01-01 18:00:00,0.0003,0,LOW
VEH0007,Kia,2023-01-01 19:49:00,0.0004,0,LOW
VEH0007,Kia,2023-01-01 22:13:00,0.0002,0,LOW
VEH0007,Kia,2023-01-01 22:52:00,0.0002,0,LOW
VEH0007,Kia,2023-01-02 01:05:00,0.0005,0,LOW
VEH0007,Kia,2023-01-02 01:34:00,0.0004,0,LOW
VEH0007,Kia,2023-01-02 03:08:00,0.0002,0,LOW
VEH0007,Kia,2023-01-02 05:30:00,0.0003,0,LOW
VEH0007,Kia,2023-01-02 09:26:00,0.0017,0,LOW
VEH0007,Kia,2023-01-02 09:36:00,0.0002,0,LOW
VEH0008,Nissan,2023-01-01 00:00:00,0.0006,0,LOW
VEH0008,Nissan,2023-01-01 00:14:00,0.0005,0,LOW
VEH0008,Nissan,2023-01-01 00:15:00,0.0011,0,LOW
VEH0008,Nissan,2023-01-01 01:39:00,0.0002,0,LOW
VEH0008,Nissan,2023-01-01 01:48:00,0.0005,0,LOW
VEH0008,Nissan,2023-01-01 02:18:00,0.0004,0,LOW
VEH0008,Nissan,2023-01-01 02:55:00,0.0008,0,LOW
VEH0008,Nissan,2023-01-01 03:12:00,0.0043,0,LOW
VEH0008,Nissan,2023-01-01 03:30:00,0.001,0,LOW
VEH0008,Nissan,2023-01-01 03:45:00,0.0002,0,LOW
VEH0008,Nissan,2023-01-01 04:00:00,0.0083,0,LOW
VEH0008,Nissan,2023-01-01 04:13:00,0.9987,1,HIGH
VEH0008,Nissan,2023-01-01 04:45:00,0.0004,0,LOW
VEH0008,Nissan,2023-01-01 05:04:00,0.0003,0,LOW
VEH0008,Nissan,2023-01-01 05:20:00,0.0008,0,LOW
VEH0008,Nissan,2023-01-01 05:48:00,0.0002,0,LOW
VEH0008,Nissan,2023-01-01 06:20:00,0.0004,0,LOW
VEH0008,Nissan,2023-01-01 06:32:00,0.0005,0,LOW
VEH0008,Nissan,2023-01-01 07:14:00,0.0026,0,LOW
VEH0008,Nissan,2023-01-01 08:00:00,0.0004,0,LOW
VEH0008,Nissan,2023-01-01 08:40:00,0.0003,0,LOW
VEH0008,Nissan,2023-01-01 08:42:00,0.0006,0,LOW
VEH0008,Nissan,2023-01-01 09:20:00,0.0006,0,LOW
VEH0008,Nissan,2023-01-01 09:30:00,0.0008,0,LOW
VEH0008,Nissan,2023-01-01 12:11:00,0.0133,0,LOW
VEH0008,Nissan,2023-01-01 12:15:00,0.0007,0,LOW
VEH0008,Nissan,2023-01-01 13:36:00,0.0004,0,LOW
VEH0008,Nissan,2023-01-01 15:00:00,0.0006,0,LOW
VEH0008,Nissan,2023-01-01 15:00:00,0.0007,0,LOW
VEH0008,Nissan,2023-01-01 15:46:00,0.0025,0,LOW
VEH0008,Nissan,2023-01-01 17:24:00,0.0005,0,LOW
VEH0008,Nissan,2023-01-01 19:07:00,0.008,0,LOW
VEH0008,Nissan,2023-01-01 19:21:00,0.001,0,LOW
VEH0008,Nissan,2023-01-01 19:30:00,0.001,0,LOW
VEH0008,Nissan,2023-01-01 20:16:00,0.0003,0,LOW
VEH0008,Nissan,2023-01-01 22:00:00,0.0005,0,LOW
VEH0008,Nissan,2023-01-01 23:12:00,0.0005,0,LOW
VEH0008,Nissan,2023-01-02 02:04:00,0.0007,0,LOW
VEH0008,Nissan,2023-01-02 07:54:00,0.0004,0,LOW
VEH0008,Nissan,2023-01-02 11:06:00,0.0006,0,LOW
VEH0008,Nissan,2023-01-02 12:23:00,0.0006,0,LOW
VEH0009,Kia,2023-01-01 00:00:00,0.0024,0,LOW
VEH0009,Kia,2023-01-01 00:21:00,0.0003,0,LOW
VEH0009,Kia,2023-01-01 00:36:00,0.0004,0,LOW
VEH0009,Kia,2023-01-01 01:06:00,0.003,0,LOW
VEH0009,Kia,2023-01-01 01:16:00,0.0003,0,LOW
VEH0009,Kia,2023-01-01 02:32:00,0.0006,0,LOW
VEH0009,Kia,2023-01-01 02:40:00,0.0002,0,LOW
VEH0009,Kia,2023-01-01 03:00:00,0.0005,0,LOW
VEH0009,Kia,2023-01-01 03:50:00,0.0005,0,LOW
VEH0009,Kia,2023-01-01 04:00:00,0.0004,0,LOW
VEH0009,Kia,2023-01-01 04:12:00,0.0003,0,LOW
VEH0009,Kia,2023-01-01 05:15:00,0.001,0,LOW
VEH0009,Kia,2023-01-01 05:30:00,0.0004,0,LOW
VEH0009,Kia,2023-01-01 05:50:00,0.0002,0,LOW
VEH0009,Kia,2023-01-01 05:52:00,0.0002,0,LOW
VEH0009,Kia,2023-01-01 06:27:00,0.0004,0,LOW
VEH0009,Kia,2023-01-01 06:32:00,0.0006,0,LOW
VEH0009,Kia,2023-01-01 06:32:00,0.0003,0,LOW
VEH0009,Kia,2023-01-01 07:15:00,0.0005,0,LOW
VEH0009,Kia,2023-01-01 07:22:00,0.0002,0,LOW
VEH0009,Kia,2023-01-01 08:24:00,0.0007,0,LOW
VEH0009,Kia,2023-01-01 08:53:00,0.0004,0,LOW
VEH0009,Kia,2023-01-01 09:04:00,0.9983,1,HIGH
VEH0009,Kia,2023-01-01 10:00:00,0.0093,0,LOW
VEH0009,Kia,2023-01-01 10:48:00,0.0004,0,LOW
VEH0009,Kia,2023-01-01 11:00:00,0.0014,0,LOW
VEH0009,Kia,2023-01-01 11:42:00,0.0007,0,LOW
VEH0009,Kia,2023-01-01 12:55:00,0.0003,0,LOW
VEH0009,Kia,2023-01-01 13:00:00,0.0005,0,LOW
VEH0009,Kia,2023-01-01 14:40:00,0.0016,0,LOW
VEH0009,Kia,2023-01-01 16:55:00,0.0003,0,LOW
VEH0009,Kia,2023-01-01 17:06:00,0.0006,0,LOW
VEH0009,Kia,2023-01-01 18:42:00,0.0005,0,LOW
VEH0009,Kia,2023-01-01 18:45:00,0.0022,0,LOW
VEH0009,Kia,2023-01-01 21:36:00,0.0009,0,LOW
VEH0009,Kia,2023-01-02 03:33:00,0.0003,0,LOW
VEH0009,Kia,2023-01-02 05:20:00,0.0012,0,LOW
VEH0009,Kia,2023-01-02 08:41:00,0.0003,0,LOW
VEH0010,Mercedes-Benz,2023-01-01 00:00:00,0.0002,0,LOW
VEH0010,Mercedes-Benz,2023-01-01 00:12:00,0.0002,0,LOW
VEH0010,Mercedes-Benz,2023-01-01 00:30:00,0.0002,0,LOW
VEH0010,Mercedes-Benz,2023-01-01 00:40:00,0.0026,0,LOW
VEH0010,Mercedes-Benz,2023-01-01 00:42:00,0.0002,0,LOW
VEH0010,Mercedes-Benz,2023-01-01 01:08:00,0.0006,0,LOW
VEH0010,Mercedes-Benz,2023-01-01 01:21:00,0.0032,0,LOW
VEH0010,Mercedes-Benz,2023-01-01 02:12:00,0.0005,0,LOW
VEH0010,Mercedes-Benz,2023-01-01 04:07:00,0.0004,0,LOW
VEH0010,Mercedes-Benz,2023-01-01 04:13:00,0.0003,0,LOW
VEH0010,Mercedes-Benz,2023-01-01 04:20:00,0.0006,0,LOW
VEH0010,Mercedes-Benz,2023-01-01 04:36:00,0.0002,0,LOW
VEH0010,Mercedes-Benz,2023-01-01 05:23:00,0.0002,0,LOW
VEH0010,Mercedes-Benz,2023-01-01 05:42:00,0.001,0,LOW
VEH0010,Mercedes-Benz,2023-01-01 05:48:00,0.0003,0,LOW
VEH0010,Mercedes-Benz,2023-01-01 05:57:00,0.0012,0,LOW
VEH0010,Mercedes-Benz,2023-01-01 07:30:00,0.0002,0,LOW
VEH0010,Mercedes-Benz,2023-01-01 07:56:00,0.0006,0,LOW
VEH0010,Mercedes-Benz,2023-01-01 08:14:00,0.0004,0,LOW
VEH0010,Mercedes-Benz,2023-01-01 09:30:00,0.0007,0,LOW
VEH0010,Mercedes-Benz,2023-01-01 09:54:00,0.0003,0,LOW
VEH0010,Mercedes-Benz,2023-01-01 11:24:00,0.0003,0,LOW
VEH0010,Mercedes-Benz,2023-01-01 11:54:00,0.0002,0,LOW
VEH0010,Mercedes-Benz,2023-01-01 12:00:00,0.0008,0,LOW
VEH0010,Mercedes-Benz,2023-01-01 12:34:00,0.0009,0,LOW
VEH0010,Mercedes-Benz,2023-01-01 12:39:00,0.0005,0,LOW
VEH0010,Mercedes-Benz,2023-01-01 13:12:00,0.0009,0,LOW
VEH0010,Mercedes-Benz,2023-01-01 13:52:00,0.0003,0,LOW
VEH0010,Mercedes-Benz,2023-01-01 14:24:00,0.0003,0,LOW
VEH0010,Mercedes-Benz,2023-01-01 17:36:00,0.0003,0,LOW
VEH0010,Mercedes-Benz,2023-01-01 18:05:00,0.9935,1,HIGH
VEH0010,Mercedes-Benz,2023-01-01 18:33:00,0.0004,0,LOW
VEH0010,Mercedes-Benz,2023-01-01 19:07:00,0.0009,0,LOW
VEH0010,Mercedes-Benz,2023-01-01 20:00:00,0.0014,0,LOW
VEH0010,Mercedes-Benz,2023-01-01 21:36:00,0.0003,0,LOW
VEH0010,Mercedes-Benz,2023-01-01 21:45:00,0.0006,0,LOW
VEH0010,Mercedes-Benz,2023-01-01 22:24:00,0.0002,0,LOW
VEH0010,Mercedes-Benz,2023-01-02 00:18:00,0.0005,0,LOW
VEH0010,Mercedes-Benz,2023-01-02 01:19:00,0.0004,0,LOW
VEH0011,Toyota,2023-01-01 00:00:00,0.0003,0,LOW
VEH0011,Toyota,2023-01-01 00:14:00,0.0003,0,LOW
VEH0011,Toyota,2023-01-01 00:35:00,0.0022,0,LOW
VEH0011,Toyota,2023-01-01 00:48:00,0.0003,0,LOW
VEH0011,Toyota,2023-01-01 00:57:00,0.0006,0,LOW
VEH0011,Toyota,2023-01-01 01:10:00,0.0007,0,LOW
VEH0011,Toyota,2023-01-01 01:12:00,0.0167,0,LOW
VEH0011,Toyota,2023-01-01 02:33:00,0.0008,0,LOW
VEH0011,Toyota,2023-01-01 03:12:00,0.0009,0,LOW
VEH0011,Toyota,2023-01-01 03:18:00,0.0002,0,LOW
VEH0011,Toyota,2023-01-01 03:24:00,0.0003,0,LOW
VEH0011,Toyota,2023-01-01 03:30:00,0.0007,0,LOW
VEH0011,Toyota,2023-01-01 04:24:00,0.0002,0,LOW
VEH0011,Toyota,2023-01-01 04:36:00,0.0005,0,LOW
VEH0011,Toyota,2023-01-01 05:00:00,0.0012,0,LOW
VEH0011,Toyota,2023-01-01 05:06:00,0.0009,0,LOW
VEH0011,Toyota,2023-01-01 05:52:00,0.001,0,LOW
VEH0011,Toyota,2023-01-01 06:20:00,0.9965,1,HIGH
VEH0011,Toyota,2023-01-01 06:40:00,0.0003,0,LOW
VEH0011,Toyota,2023-01-01 06:50:00,0.0007,0,LOW
VEH0011,Toyota,2023-01-01 06:53:00,0.0004,0,LOW
VEH0011,Toyota,2023-01-01 07:12:00,0.0003,0,LOW
VEH0011,Toyota,2023-01-01 07:28:00,0.005,0,LOW
VEH0011,Toyota,2023-01-01 07:56:00,0.0003,0,LOW
VEH0011,Toyota,2023-01-01 08:26:00,0.0005,0,LOW
VEH0011,Toyota,2023-01-01 09:19:00,0.0004,0,LOW
VEH0011,Toyota,2023-01-01 09:32:00,0.0006,0,LOW
VEH0011,Toyota,2023-01-01 09:36:00,0.0013,0,LOW
VEH0011,Toyota,2023-01-01 10:12:00,0.0006,0,LOW
VEH0011,Toyota,2023-01-01 11:53:00,0.0004,0,LOW
VEH0011,Toyota,2023-01-01 12:30:00,0.0004,0,LOW
VEH0011,Toyota,2023-01-01 14:20:00,0.0018,0,LOW
VEH0011,Toyota,2023-01-01 16:54:00,0.0003,0,LOW
VEH0011,Toyota,2023-01-01 17:30:00,0.003,0,LOW
VEH0011,Toyota,2023-01-01 20:42:00,0.0051,0,LOW
VEH0011,Toyota,2023-01-01 21:35:00,0.001,0,LOW
VEH0011,Toyota,2023-01-01 23:12:00,0.0004,0,LOW
VEH0011,Toyota,2023-01-01 23:12:00,0.9982,1,HIGH
VEH0012,Nissan,2023-01-01 00:00:00,0.0006,0,LOW
VEH0012,Nissan,2023-01-01 00:54:00,0.0002,0,LOW
VEH0012,Nissan,2023-01-01 01:10:00,0.0017,0,LOW
VEH0012,Nissan,2023-01-01 01:42:00,0.0002,0,LOW
VEH0012,Nissan,2023-01-01 01:55:00,0.0004,0,LOW
VEH0012,Nissan,2023-01-01 02:00:00,0.0005,0,LOW
VEH0012,Nissan,2023-01-01 02:00:00,0.0002,0,LOW
VEH0012,Nissan,2023-01-01 02:00:00,0.0013,0,LOW
VEH0012,Nissan,2023-01-01 02:36:00,0.0004,0,LOW
VEH0012,Nissan,2023-01-01 02:41:00,0.0004,0,LOW
VEH0012,Nissan,2023-01-01 04:30:00,0.0004,0,LOW
VEH0012,Nissan,2023-01-01 04:35:00,0.0003,0,LOW
VEH0012,Nissan,2023-01-01 05:00:00,0.0003,0,LOW
VEH0012,Nissan,2023-01-01 05:36:00,0.0002,0,LOW
VEH0012,Nissan,2023-01-01 05:50:00,0.0004,0,LOW
VEH0012,Nissan,2023-01-01 06:24:00,0.0009,0,LOW
VEH0012,Nissan,2023-01-01 06:56:00,0.0003,0,LOW
VEH0012,Nissan,2023-01-01 07:00:00,0.0002,0,LOW
VEH0012,Nissan,2023-01-01 07:12:00,0.0003,0,LOW
VEH0012,Nissan,2023-01-01 07:39:00,0.0002,0,LOW
VEH0012,Nissan,2023-01-01 07:50:00,0.0003,0,LOW
VEH0012,Nissan,2023-01-01 08:01:00,0.0002,0,LOW
VEH0012,Nissan,2023-01-01 09:20:00,0.0007,0,LOW
VEH0012,Nissan,2023-01-01 12:50:00,0.0014,0,LOW
VEH0012,Nissan,2023-01-01 13:25:00,0.0016,0,LOW
VEH0012,Nissan,2023-01-01 13:36:00,0.0003,0,LOW
VEH0012,Nissan,2023-01-01 13:53:00,0.0004,0,LOW
VEH0012,Nissan,2023-01-01 14:06:00,0.0002,0,LOW
VEH0012,Nissan,2023-01-01 18:03:00,0.0004,0,LOW
VEH0012,Nissan,2023-01-01 18:05:00,0.0005,0,LOW
VEH0012,Nissan,2023-01-01 18:08:00,0.0002,0,LOW
VEH0012,Nissan,2023-01-01 19:20:00,0.0005,0,LOW
VEH0012,Nissan,2023-01-02 02:30:00,0.0009,0,LOW
VEH0012,Nissan,2023-01-02 02:35:00,0.0006,0,LOW
VEH0012,Nissan,2023-01-02 07:54:00,0.0005,0,LOW
VEH0013,Kia,2023-01-01 00:00:00,0.0003,0,LOW
VEH0013,Kia,2023-01-01 00:38:00,0.0005,0,LOW
VEH0013,Kia,2023-01-01 00:42:00,0.0003,0,LOW
VEH0013,Kia,2023-01-01 00:54:00,0.0003,0,LOW
VEH0013,Kia,2023-01-01 00:56:00,0.0005,0,LOW
VEH0013,Kia,2023-01-01 01:04:00,0.0007,0,LOW
VEH0013,Kia,2023-01-01 02:23:00,0.0013,0,LOW
VEH0013,Kia,2023-01-01 02:48:00,0.002,0,LOW
VEH0013,Kia,2023-01-01 02:52:00,0.0009,0,LOW
VEH0013,Kia,2023-01-01 03:18:00,0.0003,0,LOW
VEH0013,Kia,2023-01-01 03:20:00,0.0003,0,LOW
VEH0013,Kia,2023-01-01 03:48:00,0.0004,0,LOW
VEH0013,Kia,2023-01-01 04:12:00,0.0014,0,LOW
VEH0013,Kia,2023-01-01 04:19:00,0.0005,0,LOW
VEH0013,Kia,2023-01-01 05:36:00,0.0004,0,LOW
VEH0013,Kia,2023-01-01 05:45:00,0.0009,0,LOW
VEH0013,Kia,2023-01-01 05:50:00,0.0009,0,LOW
VEH0013,Kia,2023-01-01 06:43:00,0.0011,0,LOW
VEH0013,Kia,2023-01-01 07:17:00,0.0063,0,LOW
VEH0013,Kia,2023-01-01 07:20:00,0.0002,0,LOW
VEH0013,Kia,2023-01-01 07:45:00,0.0004,0,LOW
VEH0013,Kia,2023-01-01 07:48:00,0.0003,0,LOW
VEH0013,Kia,2023-01-01 07:48:00,0.0003,0,LOW
VEH0013,Kia,2023-01-01 08:42:00,0.0002,0,LOW
VEH0013,Kia,2023-01-01 08:48:00,0.0005,0,LOW
VEH0013,Kia,2023-01-01 09:06:00,0.0312,0,LOW
VEH0013,Kia,2023-01-01 11:03:00,0.0003,0,LOW
VEH0013,Kia,2023-01-01 11:15:00,0.0003,0,LOW
VEH0013,Kia,2023-01-01 11:54:00,0.0003,0,LOW
VEH0013,Kia,2023-01-01 12:48:00,0.0027,0,LOW
VEH0013,Kia,2023-01-01 13:45:00,0.0005,0,LOW
VEH0013,Kia,2023-01-01 15:46:00,0.0016,0,LOW
VEH0013,Kia,2023-01-01 18:09:00,0.0004,0,LOW
VEH0013,Kia,2023-01-01 21:20:00,0.0004,0,LOW
VEH0013,Kia,2023-01-02 04:30:00,0.0003,0,LOW
VEH0014,Hyundai,2023-01-01 00:00:00,0.0002,0,LOW
VEH0014,Hyundai,2023-01-01 00:52:00,0.0004,0,LOW
VEH0014,Hyundai,2023-01-01 00:54:00,0.0006,0,LOW
VEH0014,Hyundai,2023-01-01 00:56:00,0.0009,0,LOW
VEH0014,Hyundai,2023-01-01 01:06:00,0.0008,0,LOW
VEH0014,Hyundai,2023-01-01 01:20:00,0.0006,0,LOW
VEH0014,Hyundai,2023-01-01 01:20:00,0.0011,0,LOW
VEH0014,Hyundai,2023-01-01 01:36:00,0.0007,0,LOW
VEH0014,Hyundai,2023-01-01 02:12:00,0.0005,0,LOW
VEH0014,Hyundai,2023-01-01 02:36:00,0.0004,0,LOW
VEH0014,Hyundai,2023-01-01 02:56:00,0.0004,0,LOW
VEH0014,Hyundai,2023-01-01 03:00:00,0.0003,0,LOW
VEH0014,Hyundai,2023-01-01 03:48:00,0.0008,0,LOW
VEH0014,Hyundai,2023-01-01 03:54:00,0.0003,0,LOW
VEH0014,Hyundai,2023-01-01 03:55:00,0.0004,0,LOW
VEH0014,Hyundai,2023-01-01 04:12:00,0.0003,0,LOW
VEH0014,Hyundai,2023-01-01 05:15:00,0.0005,0,LOW
VEH0014,Hyundai,2023-01-01 06:40:00,0.0006,0,LOW
VEH0014,Hyundai,2023-01-01 06:54:00,0.0004,0,LOW
VEH0014,Hyundai,2023-01-01 08:13:00,0.0002,0,LOW
VEH0014,Hyundai,2023-01-01 08:30:00,0.0003,0,LOW
VEH0014,Hyundai,2023-01-01 10:12:00,0.0004,0,LOW
VEH0014,Hyundai,2023-01-01 10:20:00,0.0006,0,LOW
VEH0014,Hyundai,2023-01-01 11:44:00,0.0002,0,LOW
VEH0014,Hyundai,2023-01-01 12:30:00,0.0002,0,LOW
VEH0014,Hyundai,2023-01-01 16:26:00,0.0032,0,LOW
VEH0014,Hyundai,2023-01-01 16:30:00,0.0007,0,LOW
VEH0014,Hyundai,2023-01-01 16:40:00,0.0002,0,LOW
VEH0014,Hyundai,2023-01-01 16:48:00,0.0006,0,LOW
VEH0014,Hyundai,2023-01-01 18:27:00,0.0002,0,LOW
VEH0014,Hyundai,2023-01-01 18:48:00,0.0006,0,LOW
VEH0014,Hyundai,2023-01-01 19:12:00,0.0005,0,LOW
VEH0014,Hyundai,2023-01-01 21:28:00,0.0035,0,LOW
VEH0014,Hyundai,2023-01-01 22:24:00,0.0002,0,LOW
VEH0014,Hyundai,2023-01-02 00:45:00,0.0004,0,LOW
VEH0015,Kia,2023-01-01 00:00:00,0.0012,0,LOW
VEH0015,Kia,2023-01-01 00:22:00,0.0002,0,LOW
VEH0015,Kia,2023-01-01 01:48:00,0.0002,0,LOW
VEH0015,Kia,2023-01-01 01:56:00,0.0005,0,LOW
VEH0015,Kia,2023-01-01 02:06:00,0.0004,0,LOW
VEH0015,Kia,2023-01-01 02:20:00,0.0003,0,LOW
VEH0015,Kia,2023-01-01 02:24:00,0.0002,0,LOW
VEH0015,Kia,2023-01-01 02:45:00,0.0005,0,LOW
VEH0015,Kia,2023-01-01 02:45:00,0.0004,0,LOW
VEH0015,Kia,2023-01-01 02:50:00,0.0003,0,LOW
VEH0015,Kia,2023-01-01 04:19:00,0.9891,1,HIGH
VEH0015,Kia,2023-01-01 04:24:00,0.0003,0,LOW
VEH0015,Kia,2023-01-01 04:48:00,0.0002,0,LOW
VEH0015,Kia,2023-01-01 05:52:00,0.0003,0,LOW
VEH0015,Kia,2023-01-01 06:24:00,0.0002,0,LOW
VEH0015,Kia,2023-01-01 06:31:00,0.0002,0,LOW
VEH0015,Kia,2023-01-01 07:04:00,0.0006,0,LOW
VEH0015,Kia,2023-01-01 07:15:00,0.0002,0,LOW
VEH0015,Kia,2023-01-01 07:30:00,0.004,0,LOW
VEH0015,Kia,2023-01-01 08:53:00,0.0004,0,LOW
VEH0015,Kia,2023-01-01 09:30:00,0.001,0,LOW
VEH0015,Kia,2023-01-01 10:56:00,0.004,0,LOW
VEH0015,Kia,2023-01-01 11:44:00,0.0246,0,LOW
VEH0015,Kia,2023-01-01 12:57:00,0.0022,0,LOW
VEH0015,Kia,2023-01-01 13:12:00,0.0004,0,LOW
VEH0015,Kia,2023-01-01 13:52:00,0.0026,0,LOW
VEH0015,Kia,2023-01-01 14:15:00,0.0003,0,LOW
VEH0015,Kia,2023-01-01 15:45:00,0.0003,0,LOW
VEH0015,Kia,2023-01-01 16:02:00,0.003,0,LOW
VEH0015,Kia,2023-01-01 18:45:00,0.0002,0,LOW
VEH0015,Kia,2023-01-01 19:33:00,0.0002,0,LOW
VEH0015,Kia,2023-01-01 21:32:00,0.0002,0,LOW
VEH0015,Kia,2023-01-01 23:15:00,0.0004,0,LOW
VEH0015,Kia,2023-01-01 23:48:00,0.0002,0,LOW
VEH0015,Kia,2023-01-02 04:00:00,0.0003,0,LOW
VEH0016,BMW,2023-01-01 00:00:00,0.0007,0,LOW
VEH0016,BMW,2023-01-01 00:22:00,0.0008,0,LOW
VEH0016,BMW,2023-01-01 00:36:00,0.0002,0,LOW
VEH0016,BMW,2023-01-01 01:24:00,0.0004,0,LOW
VEH0016,BMW,2023-01-01 01:42:00,0.0003,0,LOW
VEH0016,BMW,2023-01-01 01:50:00,0.0037,0,LOW
VEH0016,BMW,2023-01-01 02:36:00,0.0005,0,LOW
VEH0016,BMW,2023-01-01 02:40:00,0.0005,0,LOW
VEH0016,BMW,2023-01-01 02:54:00,0.0003,0,LOW
VEH0016,BMW,2023-01-01 03:09:00,0.0007,0,LOW
VEH0016,BMW,2023-01-01 03:48:00,0.0015,0,LOW
VEH0016,BMW,2023-01-01 04:15:00,0.0022,0,LOW
VEH0016,BMW,2023-01-01 04:30:00,0.0002,0,LOW
VEH0016,BMW,2023-01-01 05:44:00,0.0005,0,LOW
VEH0016,BMW,2023-01-01 07:12:00,0.0009,0,LOW
VEH0016,BMW,2023-01-01 07:48:00,0.0005,0,LOW
VEH0016,BMW,2023-01-01 08:32:00,0.0006,0,LOW
VEH0016,BMW,2023-01-01 08:48:00,0.9908,1,HIGH
VEH0016,BMW,2023-01-01 09:43:00,0.9985,1,HIGH
VEH0016,BMW,2023-01-01 09:45:00,0.0011,0,LOW
VEH0016,BMW,2023-01-01 09:48:00,0.0004,0,LOW
VEH0016,BMW,2023-01-01 10:00:00,0.0004,0,LOW
VEH0016,BMW,2023-01-01 10:16:00,0.0003,0,LOW
VEH0016,BMW,2023-01-01 10:50:00,0.0012,0,LOW
VEH0016,BMW,2023-01-01 11:44:00,0.0006,0,LOW
VEH0016,BMW,2023-01-01 11:54:00,0.0004,0,LOW
VEH0016,BMW,2023-01-01 12:21:00,0.0006,0,LOW
VEH0016,BMW,2023-01-01 14:53:00,0.0005,0,LOW
VEH0016,BMW,2023-01-01 15:00:00,0.001,0,LOW
VEH0016,BMW,2023-01-01 15:52:00,0.0004,0,LOW
VEH0016,BMW,2023-01-01 17:55:00,0.0005,0,LOW
VEH0016,BMW,2023-01-01 19:08:00,0.0008,0,LOW
VEH0016,BMW,2023-01-01 20:19:00,0.0004,0,LOW
VEH0016,BMW,2023-01-01 20:32:00,0.0005,0,LOW
VEH0016,BMW,2023-01-01 21:35:00,0.0008,0,LOW
VEH0016,BMW,2023-01-01 22:30:00,0.0005,0,LOW
VEH0016,BMW,2023-01-01 23:48:00,0.0003,0,LOW
VEH0016,BMW,2023-01-02 01:12:00,0.0003,0,LOW
VEH0016,BMW,2023-01-02 01:50:00,0.0006,0,LOW
VEH0016,BMW,2023-01-02 12:23:00,0.0004,0,LOW
VEH0017,Toyota,2023-01-01 00:00:00,0.0003,0,LOW
VEH0017,Toyota,2023-01-01 00:18:00,0.0003,0,LOW
VEH0017,Toyota,2023-01-01 01:10:00,0.0003,0,LOW
VEH0017,Toyota,2023-01-01 01:25:00,0.0018,0,LOW
VEH0017,Toyota,2023-01-01 01:33:00,0.0432,0,LOW
VEH0017,Toyota,2023-01-01 01:36:00,0.0003,0,LOW
VEH0017,Toyota,2023-01-01 01:56:00,0.0024,0,LOW
VEH0017,Toyota,2023-01-01 02:41:00,0.0003,0,LOW
VEH0017,Toyota,2023-01-01 02:50:00,0.0004,0,LOW
VEH0017,Toyota,2023-01-01 03:00:00,0.001,0,LOW
VEH0017,Toyota,2023-01-01 03:02:00,0.0003,0,LOW
VEH0017,Toyota,2023-01-01 03:44:00,0.0002,0,LOW
VEH0017,Toyota,2023-01-01 03:44:00,0.0002,0,LOW
VEH0017,Toyota,2023-01-01 03:50:00,0.0003,0,LOW
VEH0017,Toyota,2023-01-01 03:52:00,0.0002,0,LOW
VEH0017,Toyota,2023-01-01 04:00:00,0.0004,0,LOW
VEH0017,Toyota,2023-01-01 05:04:00,0.0002,0,LOW
VEH0017,Toyota,2023-01-01 06:00:00,0.0002,0,LOW
VEH0017,Toyota,2023-01-01 06:14:00,0.0003,0,LOW
VEH0017,Toyota,2023-01-01 07:28:00,0.0026,0,LOW
VEH0017,Toyota,2023-01-01 07:55:00,0.0006,0,LOW
VEH0017,Toyota,2023-01-01 08:24:00,0.0002,0,LOW
VEH0017,Toyota,2023-01-01 08:42:00,0.0002,0,LOW
VEH0017,Toyota,2023-01-01 09:20:00,0.0008,0,LOW
VEH0017,Toyota,2023-01-01 09:30:00,0.994,1,HIGH
VEH0017,Toyota,2023-01-01 09:54:00,0.0004,0,LOW
VEH0017,Toyota,2023-01-01 10:48:00,0.0005,0,LOW
VEH0017,Toyota,2023-01-01 11:29:00,0.0003,0,LOW
VEH0017,Toyota,2023-01-01 12:21:00,0.0004,0,LOW
VEH0017,Toyota,2023-01-01 12:24:00,0.0002,0,LOW
VEH0017,Toyota,2023-01-01 12:30:00,0.0003,0,LOW
VEH0017,Toyota,2023-01-01 14:18:00,0.0005,0,LOW
VEH0017,Toyota,2023-01-01 15:03:00,0.003,0,LOW
VEH0017,Toyota,2023-01-01 15:43:00,0.0009,0,LOW
VEH0017,Toyota,2023-01-01 16:26:00,0.0011,0,LOW
VEH0017,Toyota,2023-01-01 16:48:00,0.0022,0,LOW
VEH0017,Toyota,2023-01-01 19:00:00,0.0002,0,LOW
VEH0017,Toyota,2023-01-01 19:20:00,0.0031,0,LOW
VEH0017,Toyota,2023-01-01 23:39:00,0.0002,0,LOW
VEH0017,Toyota,2023-01-02 00:48:00,0.0003,0,LOW
VEH0017,Toyota,2023-01-02 02:08:00,0.0005,0,LOW
VEH0017,Toyota,2023-01-02 02:33:00,0.0004,0,LOW
VEH0017,Toyota,2023-01-02 05:10:00,0.0003,0,LOW
VEH0017,Toyota,2023-01-02 10:32:00,0.0002,0,LOW
VEH0018,Audi,2023-01-01 00:00:00,0.0003,0,LOW
VEH0018,Audi,2023-01-01 00:32:00,0.0005,0,LOW
VEH0018,Audi,2023-01-01 00:40:00,0.0005,0,LOW
VEH0018,Audi,2023-01-01 01:30:00,0.0004,0,LOW
VEH0018,Audi,2023-01-01 01:36:00,0.0007,0,LOW
VEH0018,Audi,2023-01-01 02:06:00,0.0004,0,LOW
VEH0018,Audi,2023-01-01 02:30:00,0.0003,0,LOW
VEH0018,Audi,2023-01-01 02:36:00,0.0004,0,LOW
VEH0018,Audi,2023-01-01 02:36:00,0.0002,0,LOW
VEH0018,Audi,2023-01-01 02:45:00,0.0002,0,LOW
VEH0018,Audi,2023-01-01 02:50:00,0.0003,0,LOW
VEH0018,Audi,2023-01-01 02:56:00,0.0011,0,LOW
VEH0018,Audi,2023-01-01 03:09:00,0.0012,0,LOW
VEH0018,Audi,2023-01-01 03:30:00,0.0003,0,LOW
VEH0018,Audi,2023-01-01 03:54:00,0.0007,0,LOW
VEH0018,Audi,2023-01-01 04:12:00,0.0007,0,LOW
VEH0018,Audi,2023-01-01 04:40:00,0.0006,0,LOW
VEH0018,Audi,2023-01-01 05:22:00,0.0005,0,LOW
VEH0018,Audi,2023-01-01 05:40:00,0.0007,0,LOW
VEH0018,Audi,2023-01-01 06:00:00,0.0005,0,LOW
VEH0018,Audi,2023-01-01 08:59:00,0.0002,0,LOW
VEH0018,Audi,2023-01-01 09:20:00,0.0014,0,LOW
VEH0018,Audi,2023-01-01 10:08:00,0.001,0,LOW
VEH0018,Audi,2023-01-01 10:46:00,0.0004,0,LOW
VEH0018,Audi,2023-01-01 13:32:00,0.0011,0,LOW
VEH0018,Audi,2023-01-01 13:45:00,0.0011,0,LOW
VEH0018,Audi,2023-01-01 14:56:00,0.0004,0,LOW
VEH0018,Audi,2023-01-01 15:45:00,0.0006,0,LOW
VEH0018,Audi,2023-01-01 17:58:00,0.0005,0,LOW
VEH0018,Audi,2023-01-01 19:35:00,0.0002,0,LOW
VEH0018,Audi,2023-01-01 20:09:00,0.0002,0,LOW
VEH0018,Audi,2023-01-01 21:30:00,0.0009,0,LOW
VEH0018,Audi,2023-01-01 22:24:00,0.0033,0,LOW
VEH0018,Audi,2023-01-01 22:57:00,0.0007,0,LOW
VEH0018,Audi,2023-01-01 23:20:00,0.0012,0,LOW
VEH0018,Audi,2023-01-02 00:40:00,0.0004,0,LOW
VEH0018,Audi,2023-01-02 03:12:00,0.0018,0,LOW
VEH0018,Audi,2023-01-02 03:36:00,0.0005,0,LOW
VEH0019,Toyota,2023-01-01 00:00:00,0.0005,0,LOW
VEH0019,Toyota,2023-01-01 00:24:00,0.0004,0,LOW
VEH0019,Toyota,2023-01-01 00:48:00,0.0009,0,LOW
VEH0019,Toyota,2023-01-01 01:06:00,0.0005,0,LOW
VEH0019,Toyota,2023-01-01 01:10:00,0.0005,0,LOW
VEH0019,Toyota,2023-01-01 01:36:00,0.0003,0,LOW
VEH0019,Toyota,2023-01-01 02:13:00,0.0008,0,LOW
VEH0019,Toyota,2023-01-01 02:45:00,0.0005,0,LOW
VEH0019,Toyota,2023-01-01 03:09:00,0.001,0,LOW
VEH0019,Toyota,2023-01-01 03:45:00,0.0002,0,LOW
VEH0019,Toyota,2023-01-01 04:26:00,0.0002,0,LOW
VEH0019,Toyota,2023-01-01 05:15:00,0.0002,0,LOW
VEH0019,Toyota,2023-01-01 05:20:00,0.0002,0,LOW
VEH0019,Toyota,2023-01-01 05:30:00,0.0002,0,LOW
VEH0019,Toyota,2023-01-01 05:40:00,0.0004,0,LOW
VEH0019,Toyota,2023-01-01 07:00:00,0.0005,0,LOW
VEH0019,Toyota,2023-01-01 07:10:00,0.0003,0,LOW
VEH0019,Toyota,2023-01-01 07:12:00,0.0004,0,LOW
VEH0019,Toyota,2023-01-01 07:14:00,0.0004,0,LOW
VEH0019,Toyota,2023-01-01 07:56:00,0.0004,0,LOW
VEH0019,Toyota,2023-01-01 08:30:00,0.0039,0,LOW
VEH0019,Toyota,2023-01-01 08:48:00,0.0018,0,LOW
VEH0019,Toyota,2023-01-01 09:40:00,0.0015,0,LOW
VEH0019,Toyota,2023-01-01 10:12:00,0.0006,0,LOW
VEH0019,Toyota,2023-01-01 11:55:00,0.0005,0,LOW
VEH0019,Toyota,2023-01-01 12:55:00,0.0018,0,LOW
VEH0019,Toyota,2023-01-01 13:12:00,0.0025,0,LOW
VEH0019,Toyota,2023-01-01 14:56:00,0.0008,0,LOW
VEH0019,Toyota,2023-01-01 15:36:00,0.0009,0,LOW
VEH0019,Toyota,2023-01-01 16:30:00,0.0004,0,LOW
VEH0019,Toyota,2023-01-01 18:12:00,0.0004,0,LOW
VEH0019,Toyota,2023-01-01 19:33:00,0.0008,0,LOW
VEH0019,Toyota,2023-01-01 20:16:00,0.0004,0,LOW
VEH0019,Toyota,2023-01-01 20:24:00,0.001,0,LOW
VEH0019,Toyota,2023-01-01 20:32:00,0.0003,0,LOW
VEH0019,Toyota,2023-01-01 22:24:00,0.0004,0,LOW
VEH0019,Toyota,2023-01-01 23:24:00,0.0005,0,LOW
VEH0019,Toyota,2023-01-01 23:41:00,0.0004,0,LOW
VEH0019,Toyota,2023-01-02 02:39:00,0.0024,0,LOW
VEH0019,Toyota,2023-01-02 04:12:00,0.0004,0,LOW
VEH0019,Toyota,2023-01-02 04:22:00,0.0005,0,LOW
VEH0019,Toyota,2023-01-02 06:20:00,0.0003,0,LOW
VEH0019,Toyota,2023-01-02 08:00:00,0.0003,0,LOW
VEH0019,Toyota,2023-01-02 15:12:00,0.0004,0,LOW
VEH0020,Audi,2023-01-01 00:00:00,0.0006,0,LOW
VEH0020,Audi,2023-01-01 00:21:00,0.0004,0,LOW
VEH0020,Audi,2023-01-01 00:35:00,0.0003,0,LOW
VEH0020,Audi,2023-01-01 01:24:00,0.0003,0,LOW
VEH0020,Audi,2023-01-01 01:30:00,0.0023,0,LOW
VEH0020,Audi,2023-01-01 01:36:00,0.0009,0,LOW
VEH0020,Audi,2023-01-01 02:18:00,0.0007,0,LOW
VEH0020,Audi,2023-01-01 03:04:00,0.0004,0,LOW
VEH0020,Audi,2023-01-01 03:18:00,0.0004,0,LOW
VEH0020,Audi,2023-01-01 03:45:00,0.0003,0,LOW
VEH0020,Audi,2023-01-01 03:50:00,0.0003,0,LOW
VEH0020,Audi,2023-01-01 04:03:00,0.0005,0,LOW
VEH0020,Audi,2023-01-01 04:25:00,0.0003,0,LOW
VEH0020,Audi,2023-01-01 04:39:00,0.0008,0,LOW
VEH0020,Audi,2023-01-01 04:40:00,0.0005,0,LOW
VEH0020,Audi,2023-01-01 06:30:00,0.0006,0,LOW
VEH0020,Audi,2023-01-01 07:09:00,0.9945,1,HIGH
VEH0020,Audi,2023-01-01 07:20:00,0.0005,0,LOW
VEH0020,Audi,2023-01-01 07:42:00,0.0002,0,LOW
VEH0020,Audi,2023-01-01 08:27:00,0.0003,0,LOW
VEH0020,Audi,2023-01-01 08:30:00,0.0004,0,LOW
VEH0020,Audi,2023-01-01 08:48:00,0.0011,0,LOW
VEH0020,Audi,2023-01-01 09:00:00,0.0004,0,LOW
VEH0020,Audi,2023-01-01 09:36:00,0.0039,0,LOW
VEH0020,Audi,2023-01-01 09:36:00,0.0034,0,LOW
VEH0020,Audi,2023-01-01 09:40:00,0.0008,0,LOW
VEH0020,Audi,2023-01-01 10:24:00,0.0007,0,LOW
VEH0020,Audi,2023-01-01 10:40:00,0.0006,0,LOW
VEH0020,Audi,2023-01-01 11:54:00,0.0004,0,LOW
VEH0020,Audi,2023-01-01 12:28:00,0.0004,0,LOW
VEH0020,Audi,2023-01-01 13:48:00,0.0083,0,LOW
VEH0020,Audi,2023-01-01 14:40:00,0.0006,0,LOW
VEH0020,Audi,2023-01-01 16:09:00,0.0016,0,LOW
VEH0020,Audi,2023-01-01 17:24:00,0.0007,0,LOW
VEH0020,Audi,2023-01-01 17:33:00,0.0005,0,LOW
VEH0020,Audi,2023-01-01 17:44:00,0.0003,0,LOW
VEH0020,Audi,2023-01-01 19:12:00,0.0003,0,LOW
VEH0020,Audi,2023-01-01 19:35:00,0.0004,0,LOW
VEH0020,Audi,2023-01-01 20:19:00,0.0003,0,LOW
VEH0020,Audi,2023-01-01 21:56:00,0.0005,0,LOW
VEH0020,Audi,2023-01-02 02:31:00,0.0004,0,LOW
VEH0020,Audi,2023-01-02 03:25:00,0.0006,0,LOW
VEH0020,Audi,2023-01-02 05:36:00,0.0013,0,LOW
VEH0020,Audi,2023-01-02 12:13:00,0.0002,0,LOW
VEH0021,Mercedes-Benz,2023-01-01 00:00:00,0.0002,0,LOW
VEH0021,Mercedes-Benz,2023-01-01 00:34:00,0.0078,0,LOW
VEH0021,Mercedes-Benz,2023-01-01 00:48:00,0.0004,0,LOW
VEH0021,Mercedes-Benz,2023-01-01 00:51:00,0.0002,0,LOW
VEH0021,Mercedes-Benz,2023-01-01 00:56:00,0.0007,0,LOW
VEH0021,Mercedes-Benz,2023-01-01 01:35:00,0.0003,0,LOW
VEH0021,Mercedes-Benz,2023-01-01 02:34:00,0.0007,0,LOW
VEH0021,Mercedes-Benz,2023-01-01 02:35:00,0.0004,0,LOW
VEH0021,Mercedes-Benz,2023-01-01 02:40:00,0.0002,0,LOW
VEH0021,Mercedes-Benz,2023-01-01 02:50:00,0.0006,0,LOW
VEH0021,Mercedes-Benz,2023-01-01 02:57:00,0.0003,0,LOW
VEH0021,Mercedes-Benz,2023-01-01 03:12:00,0.0005,0,LOW
VEH0021,Mercedes-Benz,2023-01-01 03:24:00,0.0009,0,LOW
VEH0021,Mercedes-Benz,2023-01-01 03:28:00,0.0004,0,LOW
VEH0021,Mercedes-Benz,2023-01-01 04:30:00,0.0004,0,LOW
VEH0021,Mercedes-Benz,2023-01-01 04:46:00,0.0003,0,LOW
VEH0021,Mercedes-Benz,2023-01-01 05:30:00,0.0004,0,LOW
VEH0021,Mercedes-Benz,2023-01-01 06:17:00,0.0031,0,LOW
VEH0021,Mercedes-Benz,2023-01-01 07:21:00,0.0003,0,LOW
VEH0021,Mercedes-Benz,2023-01-01 07:28:00,0.0005,0,LOW
VEH0021,Mercedes-Benz,2023-01-01 07:45:00,0.0004,0,LOW
VEH0021,Mercedes-Benz,2023-01-01 08:00:00,0.001,0,LOW
VEH0021,Mercedes-Benz,2023-01-01 09:34:00,0.0087,0,LOW
VEH0021,Mercedes-Benz,2023-01-01 10:09:00,0.0003,0,LOW
VEH0021,Mercedes-Benz,2023-01-01 11:42:00,0.0007,0,LOW
VEH0021,Mercedes-Benz,2023-01-01 12:24:00,0.0004,0,LOW
VEH0021,Mercedes-Benz,2023-01-01 13:03:00,0.0003,0,LOW
VEH0021,Mercedes-Benz,2023-01-01 16:30:00,0.0005,0,LOW
VEH0021,Mercedes-Benz,2023-01-01 18:09:00,0.0005,0,LOW
VEH0021,Mercedes-Benz,2023-01-01 19:56:00,0.0005,0,LOW
VEH0021,Mercedes-Benz,2023-01-01 21:32:00,0.0011,0,LOW
VEH0021,Mercedes-Benz,2023-01-01 23:20:00,0.0008,0,LOW
VEH0021,Mercedes-Benz,2023-01-01 23:48:00,0.0003,0,LOW
VEH0021,Mercedes-Benz,2023-01-02 02:40:00,0.0004,0,LOW
VEH0021,Mercedes-Benz,2023-01-02 05:58:00,0.0005,0,LOW
VEH0022,Ford,2023-01-01 00:00:00,0.0003,0,LOW
VEH0022,Ford,2023-01-01 00:26:00,0.0051,0,LOW
VEH0022,Ford,2023-01-01 00:28:00,0.0003,0,LOW
VEH0022,Ford,2023-01-01 00:33:00,0.0006,0,LOW
VEH0022,Ford,2023-01-01 01:38:00,0.0008,0,LOW
VEH0022,Ford,2023-01-01 01:54:00,0.0003,0,LOW
VEH0022,Ford,2023-01-01 02:04:00,0.0005,0,LOW
VEH0022,Ford,2023-01-01 02:25:00,0.0004,0,LOW
VEH0022,Ford,2023-01-01 03:10:00,0.0007,0,LOW
VEH0022,Ford,2023-01-01 03:12:00,0.0003,0,LOW
VEH0022,Ford,2023-01-01 03:52:00,0.0003,0,LOW
VEH0022,Ford,2023-01-01 04:12:00,0.0003,0,LOW
VEH0022,Ford,2023-01-01 04:21:00,0.0004,0,LOW
VEH0022,Ford,2023-01-01 05:22:00,0.0015,0,LOW
VEH0022,Ford,2023-01-01 05:41:00,0.0002,0,LOW
VEH0022,Ford,2023-01-01 05:41:00,0.0006,0,LOW
VEH0022,Ford,2023-01-01 08:27:00,0.0005,0,LOW
VEH0022,Ford,2023-01-01 09:18:00,0.0021,0,LOW
VEH0022,Ford,2023-01-01 09:21:00,0.0003,0,LOW
VEH0022,Ford,2023-01-01 10:24:00,0.0004,0,LOW
VEH0022,Ford,2023-01-01 10:38:00,0.0105,0,LOW
VEH0022,Ford,2023-01-01 11:00:00,0.0065,0,LOW
VEH0022,Ford,2023-01-01 11:15:00,0.0004,0,LOW
VEH0022,Ford,2023-01-01 11:33:00,0.0003,0,LOW
VEH0022,Ford,2023-01-01 11:54:00,0.0006,0,LOW
VEH0022,Ford,2023-01-01 12:32:00,0.0009,0,LOW
VEH0022,Ford,2023-01-01 14:48:00,0.0005,0,LOW
VEH0022,Ford,2023-01-01 15:18:00,0.0002,0,LOW
VEH0022,Ford,2023-01-01 15:45:00,0.0005,0,LOW
VEH0022,Ford,2023-01-01 16:20:00,0.0004,0,LOW
VEH0022,Ford,2023-01-01 17:36:00,0.0004,0,LOW
VEH0022,Ford,2023-01-01 17:44:00,0.0004,0,LOW
VEH0022,Ford,2023-01-01 17:55:00,0.0057,0,LOW
VEH0022,Ford,2023-01-01 18:40:00,0.0024,0,LOW
VEH0022,Ford,2023-01-01 20:42:00,0.0004,0,LOW
VEH0022,Ford,2023-01-01 23:20:00,0.0023,0,LOW
VEH0022,Ford,2023-01-01 23:24:00,0.0004,0,LOW
VEH0022,Ford,2023-01-02 02:24:00,0.0002,0,LOW
VEH0023,Audi,2023-01-01 00:00:00,0.0002,0,LOW
VEH0023,Audi,2023-01-01 00:29:00,0.0002,0,LOW
VEH0023,Audi,2023-01-01 00:46:00,0.0005,0,LOW
VEH0023,Audi,2023-01-01 00:50:00,0.0003,0,LOW
VEH0023,Audi,2023-01-01 02:23:00,0.001,0,LOW
VEH0023,Audi,2023-01-01 02:27:00,0.0696,0,LOW
VEH0023,Audi,2023-01-01 02:50:00,0.0009,0,LOW
VEH0023,Audi,2023-01-01 02:51:00,0.0002,0,LOW
VEH0023,Audi,2023-01-01 03:02:00,0.0002,0,LOW
VEH0023,Audi,2023-01-01 03:24:00,0.0003,0,LOW
VEH0023,Audi,2023-01-01 03:48:00,0.0008,0,LOW
VEH0023,Audi,2023-01-01 04:00:00,0.0021,0,LOW
VEH0023,Audi,2023-01-01 04:08:00,0.0003,0,LOW
VEH0023,Audi,2023-01-01 04:12:00,0.0003,0,LOW
VEH0023,Audi,2023-01-01 04:12:00,0.0004,0,LOW
VEH0023,Audi,2023-01-01 04:24:00,0.0017,0,LOW
VEH0023,Audi,2023-01-01 05:51:00,0.0004,0,LOW
VEH0023,Audi,2023-01-01 06:48:00,0.0003,0,LOW
VEH0023,Audi,2023-01-01 07:12:00,0.0003,0,LOW
VEH0023,Audi,2023-01-01 07:28:00,0.957,1,HIGH
VEH0023,Audi,2023-01-01 07:31:00,0.0006,0,LOW
VEH0023,Audi,2023-01-01 08:15:00,0.0002,0,LOW
VEH0023,Audi,2023-01-01 08:26:00,0.0008,0,LOW
VEH0023,Audi,2023-01-01 09:21:00,0.0003,0,LOW
VEH0023,Audi,2023-01-01 09:30:00,0.0002,0,LOW
VEH0023,Audi,2023-01-01 09:58:00,0.0006,0,LOW
VEH0023,Audi,2023-01-01 10:21:00,0.0002,0,LOW
VEH0023,Audi,2023-01-01 11:26:00,0.0014,0,LOW
VEH0023,Audi,2023-01-01 12:48:00,0.0003,0,LOW
VEH0023,Audi,2023-01-01 13:34:00,0.0003,0,LOW
VEH0023,Audi,2023-01-01 13:36:00,0.0005,0,LOW
VEH0023,Audi,2023-01-01 14:35:00,0.0005,0,LOW
VEH0023,Audi,2023-01-01 15:35:00,0.0007,0,LOW
VEH0023,Audi,2023-01-01 15:50:00,0.004,0,LOW
VEH0023,Audi,2023-01-01 18:22:00,0.0004,0,LOW
VEH0023,Audi,2023-01-01 19:36:00,0.0002,0,LOW
VEH0023,Audi,2023-01-01 20:48:00,0.0006,0,LOW
VEH0023,Audi,2023-01-01 21:00:00,0.0103,0,LOW
VEH0023,Audi,2023-01-01 22:56:00,0.0004,0,LOW
VEH0023,Audi,2023-01-01 22:58:00,0.0029,0,LOW
VEH0023,Audi,2023-01-02 01:48:00,0.0014,0,LOW
VEH0023,Audi,2023-01-02 05:24:00,0.0002,0,LOW
VEH0023,Audi,2023-01-02 10:40:00,0.0003,0,LOW
VEH0023,Audi,2023-01-02 11:28:00,0.0003,0,LOW
VEH0024,Toyota,2023-01-01 00:00:00,0.0002,0,LOW
VEH0024,Toyota,2023-01-01 00:06:00,0.0005,0,LOW
VEH0024,Toyota,2023-01-01 01:33:00,0.0005,0,LOW
VEH0024,Toyota,2023-01-01 01:40:00,0.0006,0,LOW
VEH0024,Toyota,2023-01-01 01:40:00,0.0002,0,LOW
VEH0024,Toyota,2023-01-01 02:00:00,0.0004,0,LOW
VEH0024,Toyota,2023-01-01 02:40:00,0.0005,0,LOW
VEH0024,Toyota,2023-01-01 02:42:00,0.0032,0,LOW
VEH0024,Toyota,2023-01-01 03:00:00,0.0008,0,LOW
VEH0024,Toyota,2023-01-01 03:02:00,0.0018,0,LOW
VEH0024,Toyota,2023-01-01 03:20:00,0.0041,0,LOW
VEH0024,Toyota,2023-01-01 03:36:00,0.0005,0,LOW
VEH0024,Toyota,2023-01-01 04:00:00,0.0014,0,LOW
VEH0024,Toyota,2023-01-01 04:12:00,0.9983,1,HIGH
VEH0024,Toyota,2023-01-01 04:30:00,0.0003,0,LOW
VEH0024,Toyota,2023-01-01 04:48:00,0.0002,0,LOW
VEH0024,Toyota,2023-01-01 05:06:00,0.0015,0,LOW
VEH0024,Toyota,2023-01-01 05:15:00,0.0004,0,LOW
VEH0024,Toyota,2023-01-01 05:40:00,0.0002,0,LOW
VEH0024,Toyota,2023-01-01 06:14:00,0.0004,0,LOW
VEH0024,Toyota,2023-01-01 06:24:00,0.0004,0,LOW
VEH0024,Toyota,2023-01-01 07:57:00,0.0002,0,LOW
VEH0024,Toyota,2023-01-01 08:04:00,0.0017,0,LOW
VEH0024,Toyota,2023-01-01 09:00:00,0.0003,0,LOW
VEH0024,Toyota,2023-01-01 10:24:00,0.0004,0,LOW
VEH0024,Toyota,2023-01-01 11:36:00,0.0004,0,LOW
VEH0024,Toyota,2023-01-01 12:16:00,0.0004,0,LOW
VEH0024,Toyota,2023-01-01 12:59:00,0.0004,0,LOW
VEH0024,Toyota,2023-01-01 13:00:00,0.0004,0,LOW
VEH0024,Toyota,2023-01-01 13:32:00,0.0005,0,LOW
VEH0024,Toyota,2023-01-01 15:10:00,0.0003,0,LOW
VEH0024,Toyota,2023-01-01 15:30:00,0.0009,0,LOW
VEH0024,Toyota,2023-01-01 16:30:00,0.0042,0,LOW
VEH0024,Toyota,2023-01-01 16:48:00,0.0475,0,LOW
VEH0024,Toyota,2023-01-01 16:55:00,0.0008,0,LOW
VEH0024,Toyota,2023-01-01 20:48:00,0.0003,0,LOW
VEH0024,Toyota,2023-01-02 00:30:00,0.0004,0,LOW
VEH0025,Audi,2023-01-01 00:00:00,0.0004,0,LOW
VEH0025,Audi,2023-01-01 00:47:00,0.0038,0,LOW
VEH0025,Audi,2023-01-01 00:58:00,0.0008,0,LOW
VEH0025,Audi,2023-01-01 01:06:00,0.0012,0,LOW
VEH0025,Audi,2023-01-01 02:20:00,0.0002,0,LOW
VEH0025,Audi,2023-01-01 03:07:00,0.0009,0,LOW
VEH0025,Audi,2023-01-01 03:25:00,0.0004,0,LOW
VEH0025,Audi,2023-01-01 03:52:00,0.0003,0,LOW
VEH0025,Audi,2023-01-01 04:00:00,0.0003,0,LOW
VEH0025,Audi,2023-01-01 04:12:00,0.0003,0,LOW
VEH0025,Audi,2023-01-01 04:30:00,0.0002,0,LOW
VEH0025,Audi,2023-01-01 04:48:00,0.0002,0,LOW
VEH0025,Audi,2023-01-01 04:57:00,0.0008,0,LOW
VEH0025,Audi,2023-01-01 05:10:00,0.0002,0,LOW
VEH0025,Audi,2023-01-01 06:12:00,0.0002,0,LOW
VEH0025,Audi,2023-01-01 06:18:00,0.0003,0,LOW
VEH0025,Audi,2023-01-01 06:54:00,0.0003,0,LOW
VEH0025,Audi,2023-01-01 08:24:00,0.0068,0,LOW
VEH0025,Audi,2023-01-01 08:37:00,0.0007,0,LOW
VEH0025,Audi,2023-01-01 09:04:00,0.0005,0,LOW
VEH0025,Audi,2023-01-01 09:06:00,0.0003,0,LOW
VEH0025,Audi,2023-01-01 10:30:00,0.0003,0,LOW
VEH0025,Audi,2023-01-01 10:44:00,0.0004,0,LOW
VEH0025,Audi,2023-01-01 10:45:00,0.0002,0,LOW
VEH0025,Audi,2023-01-01 11:20:00,0.0017,0,LOW
VEH0025,Audi,2023-01-01 12:18:00,0.0003,0,LOW
VEH0025,Audi,2023-01-01 12:47:00,0.0014,0,LOW
VEH0025,Audi,2023-01-01 15:50:00,0.0005,0,LOW
VEH0025,Audi,2023-01-01 16:00:00,0.0002,0,LOW
VEH0025,Audi,2023-01-01 16:47:00,0.0011,0,LOW
VEH0025,Audi,2023-01-01 17:34:00,0.0002,0,LOW
VEH0025,Audi,2023-01-01 21:16:00,0.0002,0,LOW
VEH0025,Audi,2023-01-02 02:35:00,0.0029,0,LOW
VEH0025,Audi,2023-01-02 04:00:00,0.9841,1,HIGH
VEH0025,Audi,2023-01-02 04:36:00,0.0003,0,LOW
VEH0025,Audi,2023-01-02 05:28:00,0.0003,0,LOW
VEH0026,Toyota,2023-01-01 00:00:00,0.0002,0,LOW
VEH0026,Toyota,2023-01-01 00:26:00,0.0003,0,LOW
VEH0026,Toyota,2023-01-01 00:42:00,0.0006,0,LOW
VEH0026,Toyota,2023-01-01 01:26:00,0.9993,1,HIGH
VEH0026,Toyota,2023-01-01 01:30:00,0.0004,0,LOW
VEH0026,Toyota,2023-01-01 01:36:00,0.0005,0,LOW
VEH0026,Toyota,2023-01-01 02:08:00,0.0002,0,LOW
VEH0026,Toyota,2023-01-01 02:24:00,0.0006,0,LOW
VEH0026,Toyota,2023-01-01 02:30:00,0.0008,0,LOW
VEH0026,Toyota,2023-01-01 03:04:00,0.0003,0,LOW
VEH0026,Toyota,2023-01-01 03:36:00,0.0003,0,LOW
VEH0026,Toyota,2023-01-01 03:36:00,0.9988,1,HIGH
VEH0026,Toyota,2023-01-01 04:19:00,0.0003,0,LOW
VEH0026,Toyota,2023-01-01 04:48:00,0.0002,0,LOW
VEH0026,Toyota,2023-01-01 05:00:00,0.0013,0,LOW
VEH0026,Toyota,2023-01-01 05:08:00,0.0005,0,LOW
VEH0026,Toyota,2023-01-01 05:20:00,0.0006,0,LOW
VEH0026,Toyota,2023-01-01 05:43:00,0.0015,0,LOW
VEH0026,Toyota,2023-01-01 05:48:00,0.0091,0,LOW
VEH0026,Toyota,2023-01-01 06:27:00,0.0009,0,LOW
VEH0026,Toyota,2023-01-01 07:20:00,0.0014,0,LOW
VEH0026,Toyota,2023-01-01 07:42:00,0.0017,0,LOW
VEH0026,Toyota,2023-01-01 08:06:00,0.0009,0,LOW
VEH0026,Toyota,2023-01-01 08:27:00,0.001,0,LOW
VEH0026,Toyota,2023-01-01 08:37:00,0.0004,0,LOW
VEH0026,Toyota,2023-01-01 08:38:00,0.0005,0,LOW
VEH0026,Toyota,2023-01-01 09:27:00,0.0018,0,LOW
VEH0026,Toyota,2023-01-01 09:32:00,0.0008,0,LOW
VEH0026,Toyota,2023-01-01 09:45:00,0.0003,0,LOW
VEH0026,Toyota,2023-01-01 10:48:00,0.0005,0,LOW
VEH0026,Toyota,2023-01-01 11:00:00,0.0008,0,LOW
VEH0026,Toyota,2023-01-01 11:20:00,0.0004,0,LOW
VEH0026,Toyota,2023-01-01 16:20:00,0.9776,1,HIGH
VEH0026,Toyota,2023-01-01 16:28:00,0.0005,0,LOW
VEH0026,Toyota,2023-01-01 16:55:00,0.9994,1,HIGH
VEH0026,Toyota,2023-01-01 21:42:00,0.0005,0,LOW
VEH0026,Toyota,2023-01-02 01:40:00,0.0008,0,LOW
VEH0026,Toyota,2023-01-02 07:10:00,0.0003,0,LOW
VEH0027,Mercedes-Benz,2023-01-01 00:00:00,0.0011,0,LOW
VEH0027,Mercedes-Benz,2023-01-01 00:21:00,0.0005,0,LOW
VEH0027,Mercedes-Benz,2023-01-01 00:48:00,0.0006,0,LOW
VEH0027,Mercedes-Benz,2023-01-01 01:00:00,0.0006,0,LOW
VEH0027,Mercedes-Benz,2023-01-01 01:34:00,0.001,0,LOW
VEH0027,Mercedes-Benz,2023-01-01 01:42:00,0.0004,0,LOW
VEH0027,Mercedes-Benz,2023-01-01 01:45:00,0.0006,0,LOW
VEH0027,Mercedes-Benz,2023-01-01 02:30:00,0.0002,0,LOW
VEH0027,Mercedes-Benz,2023-01-01 02:36:00,0.0014,0,LOW
VEH0027,Mercedes-Benz,2023-01-01 02:51:00,0.0009,0,LOW
VEH0027,Mercedes-Benz,2023-01-01 03:00:00,0.0005,0,LOW
VEH0027,Mercedes-Benz,2023-01-01 03:08:00,0.0003,0,LOW
VEH0027,Mercedes-Benz,2023-01-01 03:23:00,0.0003,0,LOW
VEH0027,Mercedes-Benz,2023-01-01 03:24:00,0.0003,0,LOW
VEH0027,Mercedes-Benz,2023-01-01 04:12:00,0.0006,0,LOW
VEH0027,Mercedes-Benz,2023-01-01 05:36:00,0.0003,0,LOW
VEH0027,Mercedes-Benz,2023-01-01 07:00:00,0.0011,0,LOW
VEH0027,Mercedes-Benz,2023-01-01 08:00:00,0.0005,0,LOW
VEH0027,Mercedes-Benz,2023-01-01 08:14:00,0.0014,0,LOW
VEH0027,Mercedes-Benz,2023-01-01 09:12:00,0.0002,0,LOW
VEH0027,Mercedes-Benz,2023-01-01 09:49:00,0.0004,0,LOW
VEH0027,Mercedes-Benz,2023-01-01 10:05:00,0.0005,0,LOW
VEH0027,Mercedes-Benz,2023-01-01 10:50:00,0.0003,0,LOW
VEH0027,Mercedes-Benz,2023-01-01 10:56:00,0.0005,0,LOW
VEH0027,Mercedes-Benz,2023-01-01 11:07:00,0.0005,0,LOW
VEH0027,Mercedes-Benz,2023-01-01 13:12:00,0.0009,0,LOW
VEH0027,Mercedes-Benz,2023-01-01 14:00:00,0.0004,0,LOW
VEH0027,Mercedes-Benz,2023-01-01 14:00:00,0.0004,0,LOW
VEH0027,Mercedes-Benz,2023-01-01 14:11:00,0.0009,0,LOW
VEH0027,Mercedes-Benz,2023-01-01 16:00:00,0.0025,0,LOW
VEH0027,Mercedes-Benz,2023-01-01 17:00:00,0.0042,0,LOW
VEH0027,Mercedes-Benz,2023-01-01 18:33:00,0.0009,0,LOW
VEH0027,Mercedes-Benz,2023-01-01 19:35:00,0.0007,0,LOW
VEH0027,Mercedes-Benz,2023-01-01 20:22:00,0.0005,0,LOW
VEH0027,Mercedes-Benz,2023-01-01 20:25:00,0.0105,0,LOW
VEH0027,Mercedes-Benz,2023-01-01 20:54:00,0.0069,0,LOW
VEH0027,Mercedes-Benz,2023-01-01 23:24:00,0.0014,0,LOW
VEH0027,Mercedes-Benz,2023-01-02 01:30:00,0.0005,0,LOW
VEH0027,Mercedes-Benz,2023-01-02 10:12:00,0.0004,0,LOW
VEH0028,Hyundai,2023-01-01 00:00:00,0.0002,0,LOW
VEH0028,Hyundai,2023-01-01 00:20:00,0.0011,0,LOW
VEH0028,Hyundai,2023-01-01 00:42:00,0.0002,0,LOW
VEH0028,Hyundai,2023-01-01 01:12:00,0.0042,0,LOW
VEH0028,Hyundai,2023-01-01 01:24:00,0.0003,0,LOW
VEH0028,Hyundai,2023-01-01 01:31:00,0.0004,0,LOW
VEH0028,Hyundai,2023-01-01 01:34:00,0.0002,0,LOW
VEH0028,Hyundai,2023-01-01 02:33:00,0.0003,0,LOW
VEH0028,Hyundai,2023-01-01 02:48:00,0.0003,0,LOW
VEH0028,Hyundai,2023-01-01 03:16:00,0.0008,0,LOW
VEH0028,Hyundai,2023-01-01 03:24:00,0.0005,0,LOW
VEH0028,Hyundai,2023-01-01 03:48:00,0.0002,0,LOW
VEH0028,Hyundai,2023-01-01 03:51:00,0.0005,0,LOW
VEH0028,Hyundai,2023-01-01 04:12:00,0.0004,0,LOW
VEH0028,Hyundai,2023-01-01 04:15:00,0.0006,0,LOW
VEH0028,Hyundai,2023-01-01 04:24:00,0.0003,0,LOW
VEH0028,Hyundai,2023-01-01 04:40:00,0.0004,0,LOW
VEH0028,Hyundai,2023-01-01 04:50:00,0.0211,0,LOW
VEH0028,Hyundai,2023-01-01 07:15:00,0.0011,0,LOW
VEH0028,Hyundai,2023-01-01 08:13:00,0.0005,0,LOW
VEH0028,Hyundai,2023-01-01 08:15:00,0.0002,0,LOW
VEH0028,Hyundai,2023-01-01 09:00:00,0.0004,0,LOW
VEH0028,Hyundai,2023-01-01 10:30:00,0.0004,0,LOW
VEH0028,Hyundai,2023-01-01 10:48:00,0.0005,0,LOW
VEH0028,Hyundai,2023-01-01 11:00:00,0.0024,0,LOW
VEH0028,Hyundai,2023-01-01 12:02:00,0.0002,0,LOW
VEH0028,Hyundai,2023-01-01 12:16:00,0.0003,0,LOW
VEH0028,Hyundai,2023-01-01 12:21:00,0.0002,0,LOW
VEH0028,Hyundai,2023-01-01 14:28:00,0.9979,1,HIGH
VEH0028,Hyundai,2023-01-01 15:45:00,0.0004,0,LOW
VEH0028,Hyundai,2023-01-01 15:46:00,0.0002,0,LOW
VEH0028,Hyundai,2023-01-01 18:30:00,0.0015,0,LOW
VEH0028,Hyundai,2023-01-01 20:19:00,0.0002,0,LOW
VEH0028,Hyundai,2023-01-01 20:54:00,0.0003,0,LOW
VEH0028,Hyundai,2023-01-01 21:00:00,0.0004,0,LOW
VEH0028,Hyundai,2023-01-01 21:14:00,0.0097,0,LOW
VEH0028,Hyundai,2023-01-01 21:32:00,0.0009,0,LOW
VEH0028,Hyundai,2023-01-01 21:52:00,0.0006,0,LOW
VEH0028,Hyundai,2023-01-02 00:10:00,0.9877,1,HIGH
VEH0028,Hyundai,2023-01-02 05:36:00,0.0004,0,LOW
VEH0029,Chevrolet,2023-01-01 00:00:00,0.0003,0,LOW
VEH0029,Chevrolet,2023-01-01 00:39:00,0.0005,0,LOW
VEH0029,Chevrolet,2023-01-01 00:55:00,0.0003,0,LOW
VEH0029,Chevrolet,2023-01-01 01:25:00,0.0003,0,LOW
VEH0029,Chevrolet,2023-01-01 01:48:00,0.0007,0,LOW
VEH0029,Chevrolet,2023-01-01 01:52:00,0.0005,0,LOW
VEH0029,Chevrolet,2023-01-01 02:00:00,0.0007,0,LOW
VEH0029,Chevrolet,2023-01-01 02:10:00,0.0002,0,LOW
VEH0029,Chevrolet,2023-01-01 02:42:00,0.0008,0,LOW
VEH0029,Chevrolet,2023-01-01 03:00:00,0.0003,0,LOW
VEH0029,Chevrolet,2023-01-01 03:28:00,0.0003,0,LOW
VEH0029,Chevrolet,2023-01-01 03:44:00,0.0045,0,LOW
VEH0029,Chevrolet,2023-01-01 04:00:00,0.0007,0,LOW
VEH0029,Chevrolet,2023-01-01 04:10:00,0.9982,1,HIGH
VEH0029,Chevrolet,2023-01-01 04:54:00,0.0247,0,LOW
VEH0029,Chevrolet,2023-01-01 05:00:00,0.0014,0,LOW
VEH0029,Chevrolet,2023-01-01 05:20:00,0.0003,0,LOW
VEH0029,Chevrolet,2023-01-01 05:57:00,0.0003,0,LOW
VEH0029,Chevrolet,2023-01-01 06:18:00,0.0003,0,LOW
VEH0029,Chevrolet,2023-01-01 06:24:00,0.0008,0,LOW
VEH0029,Chevrolet,2023-01-01 06:36:00,0.0002,0,LOW
VEH0029,Chevrolet,2023-01-01 06:46:00,0.0002,0,LOW
VEH0029,Chevrolet,2023-01-01 07:28:00,0.0002,0,LOW
VEH0029,Chevrolet,2023-01-01 08:33:00,0.0003,0,LOW
VEH0029,Chevrolet,2023-01-01 09:15:00,0.0007,0,LOW
VEH0029,Chevrolet,2023-01-01 10:16:00,0.0037,0,LOW
VEH0029,Chevrolet,2023-01-01 14:28:00,0.0023,0,LOW
VEH0029,Chevrolet,2023-01-01 15:12:00,0.0007,0,LOW
VEH0029,Chevrolet,2023-01-01 18:05:00,0.0005,0,LOW
VEH0029,Chevrolet,2023-01-01 18:27:00,0.0006,0,LOW
VEH0029,Chevrolet,2023-01-01 18:38:00,0.0003,0,LOW
VEH0029,Chevrolet,2023-01-01 20:19:00,0.0003,0,LOW
VEH0029,Chevrolet,2023-01-01 22:00:00,0.0019,0,LOW
VEH0029,Chevrolet,2023-01-01 23:30:00,0.0008,0,LOW
VEH0029,Chevrolet,2023-01-02 04:20:00,0.0005,0,LOW
VEH0029,Chevrolet,2023-01-02 05:10:00,0.0004,0,LOW
VEH0030,Nissan,2023-01-01 00:00:00,0.0021,0,LOW
VEH0030,Nissan,2023-01-01 00:20:00,0.0006,0,LOW
VEH0030,Nissan,2023-01-01 00:55:00,0.0003,0,LOW
VEH0030,Nissan,2023-01-01 02:09:00,0.0003,0,LOW
VEH0030,Nissan,2023-01-01 03:10:00,0.0006,0,LOW
VEH0030,Nissan,2023-01-01 03:12:00,0.0064,0,LOW
VEH0030,Nissan,2023-01-01 03:18:00,0.0003,0,LOW
VEH0030,Nissan,2023-01-01 03:40:00,0.003,0,LOW
VEH0030,Nissan,2023-01-01 03:48:00,0.0004,0,LOW
VEH0030,Nissan,2023-01-01 04:30:00,0.0006,0,LOW
VEH0030,Nissan,2023-01-01 04:50:00,0.0003,0,LOW
VEH0030,Nissan,2023-01-01 05:01:00,0.0003,0,LOW
VEH0030,Nissan,2023-01-01 05:12:00,0.0007,0,LOW
VEH0030,Nissan,2023-01-01 05:44:00,0.0005,0,LOW
VEH0030,Nissan,2023-01-01 05:52:00,0.0003,0,LOW
VEH0030,Nissan,2023-01-01 06:32:00,0.0002,0,LOW
VEH0030,Nissan,2023-01-01 07:12:00,0.0006,0,LOW
VEH0030,Nissan,2023-01-01 07:56:00,0.0078,0,LOW
VEH0030,Nissan,2023-01-01 09:00:00,0.0003,0,LOW
VEH0030,Nissan,2023-01-01 09:36:00,0.0003,0,LOW
VEH0030,Nissan,2023-01-01 09:48:00,0.0005,0,LOW
VEH0030,Nissan,2023-01-01 10:40:00,0.0007,0,LOW
VEH0030,Nissan,2023-01-01 11:00:00,0.0005,0,LOW
VEH0030,Nissan,2023-01-01 11:05:00,0.0017,0,LOW
VEH0030,Nissan,2023-01-01 11:48:00,0.0006,0,LOW
VEH0030,Nissan,2023-01-01 12:47:00,0.0006,0,LOW
VEH0030,Nissan,2023-01-01 12:55:00,0.0002,0,LOW
VEH0030,Nissan,2023-01-01 13:00:00,0.0007,0,LOW
VEH0030,Nissan,2023-01-01 13:18:00,0.0006,0,LOW
VEH0030,Nissan,2023-01-01 16:15:00,0.0007,0,LOW
VEH0030,Nissan,2023-01-01 16:48:00,0.0115,0,LOW
VEH0030,Nissan,2023-01-01 18:42:00,0.0013,0,LOW
VEH0030,Nissan,2023-01-01 19:56:00,0.0005,0,LOW
VEH0030,Nissan,2023-01-01 21:16:00,0.0004,0,LOW
VEH0030,Nissan,2023-01-01 22:24:00,0.0003,0,LOW
VEH0030,Nissan,2023-01-02 09:26:00,0.0003,0,LOW
VEH0031,Chevrolet,2023-01-01 00:00:00,0.0005,0,LOW
VEH0031,Chevrolet,2023-01-01 00:05:00,0.0005,0,LOW
VEH0031,Chevrolet,2023-01-01 00:38:00,0.0005,0,LOW
VEH0031,Chevrolet,2023-01-01 00:51:00,0.0146,0,LOW
VEH0031,Chevrolet,2023-01-01 00:56:00,0.0005,0,LOW
VEH0031,Chevrolet,2023-01-01 01:06:00,0.0004,0,LOW
VEH0031,Chevrolet,2023-01-01 01:10:00,0.9876,1,HIGH
VEH0031,Chevrolet,2023-01-01 02:05:00,0.0003,0,LOW
VEH0031,Chevrolet,2023-01-01 02:12:00,0.0003,0,LOW
VEH0031,Chevrolet,2023-01-01 02:16:00,0.0003,0,LOW
VEH0031,Chevrolet,2023-01-01 02:20:00,0.0007,0,LOW
VEH0031,Chevrolet,2023-01-01 02:32:00,0.0003,0,LOW
VEH0031,Chevrolet,2023-01-01 03:10:00,0.0005,0,LOW
VEH0031,Chevrolet,2023-01-01 03:30:00,0.0004,0,LOW
VEH0031,Chevrolet,2023-01-01 04:39:00,0.0004,0,LOW
VEH0031,Chevrolet,2023-01-01 05:22:00,0.0004,0,LOW
VEH0031,Chevrolet,2023-01-01 05:48:00,0.0005,0,LOW
VEH0031,Chevrolet,2023-01-01 06:00:00,0.001,0,LOW
VEH0031,Chevrolet,2023-01-01 06:17:00,0.0003,0,LOW
VEH0031,Chevrolet,2023-01-01 07:30:00,0.9975,1,HIGH
VEH0031,Chevrolet,2023-01-01 07:36:00,0.0006,0,LOW
VEH0031,Chevrolet,2023-01-01 08:48:00,0.005,0,LOW
VEH0031,Chevrolet,2023-01-01 10:00:00,0.0005,0,LOW
VEH0031,Chevrolet,2023-01-01 10:38:00,0.0009,0,LOW
VEH0031,Chevrolet,2023-01-01 10:48:00,0.0043,0,LOW
VEH0031,Chevrolet,2023-01-01 11:40:00,0.0004,0,LOW
VEH0031,Chevrolet,2023-01-01 13:18:00,0.0004,0,LOW
VEH0031,Chevrolet,2023-01-01 14:24:00,0.0086,0,LOW
VEH0031,Chevrolet,2023-01-01 14:40:00,0.0005,0,LOW
VEH0031,Chevrolet,2023-01-01 18:12:00,0.0021,0,LOW
VEH0031,Chevrolet,2023-01-01 18:40:00,0.0003,0,LOW
VEH0031,Chevrolet,2023-01-01 19:16:00,0.0005,0,LOW
VEH0031,Chevrolet,2023-01-01 21:11:00,0.0003,0,LOW
VEH0031,Chevrolet,2023-01-02 03:00:00,0.0015,0,LOW
VEH0031,Chevrolet,2023-01-02 03:45:00,0.0003,0,LOW
VEH0031,Chevrolet,2023-01-02 04:02:00,0.0002,0,LOW
VEH0031,Chevrolet,2023-01-02 04:36:00,0.0007,0,LOW
VEH0031,Chevrolet,2023-01-02 07:30:00,0.0005,0,LOW
VEH0032,Chevrolet,2023-01-01 00:00:00,0.0008,0,LOW
VEH0032,Chevrolet,2023-01-01 00:09:00,0.0002,0,LOW
VEH0032,Chevrolet,2023-01-01 00:50:00,0.0005,0,LOW
VEH0032,Chevrolet,2023-01-01 01:10:00,0.0163,0,LOW
VEH0032,Chevrolet,2023-01-01 01:18:00,0.0003,0,LOW
VEH0032,Chevrolet,2023-01-01 01:20:00,0.0003,0,LOW
VEH0032,Chevrolet,2023-01-01 01:24:00,0.0005,0,LOW
VEH0032,Chevrolet,2023-01-01 01:28:00,0.0004,0,LOW
VEH0032,Chevrolet,2023-01-01 02:18:00,0.0007,0,LOW
VEH0032,Chevrolet,2023-01-01 02:30:00,0.0002,0,LOW
VEH0032,Chevrolet,2023-01-01 02:33:00,0.0012,0,LOW
VEH0032,Chevrolet,2023-01-01 03:00:00,0.0008,0,LOW
VEH0032,Chevrolet,2023-01-01 03:10:00,0.0002,0,LOW
VEH0032,Chevrolet,2023-01-01 03:51:00,0.0002,0,LOW
VEH0032,Chevrolet,2023-01-01 03:54:00,0.0019,0,LOW
VEH0032,Chevrolet,2023-01-01 04:48:00,0.0002,0,LOW
VEH0032,Chevrolet,2023-01-01 05:42:00,0.001,0,LOW
VEH0032,Chevrolet,2023-01-01 06:04:00,0.0002,0,LOW
VEH0032,Chevrolet,2023-01-01 06:18:00,0.0003,0,LOW
VEH0032,Chevrolet,2023-01-01 06:32:00,0.0003,0,LOW
VEH0032,Chevrolet,2023-01-01 06:36:00,0.0003,0,LOW
VEH0032,Chevrolet,2023-01-01 06:43:00,0.0003,0,LOW
VEH0032,Chevrolet,2023-01-01 07:12:00,0.0003,0,LOW
VEH0032,Chevrolet,2023-01-01 07:28:00,0.0002,0,LOW
VEH0032,Chevrolet,2023-01-01 07:36:00,0.0003,0,LOW
VEH0032,Chevrolet,2023-01-01 08:13:00,0.0006,0,LOW
VEH0032,Chevrolet,2023-01-01 08:40:00,0.0005,0,LOW
VEH0032,Chevrolet,2023-01-01 09:00:00,0.0004,0,LOW
VEH0032,Chevrolet,2023-01-01 09:52:00,0.0003,0,LOW
VEH0032,Chevrolet,2023-01-01 13:02:00,0.0003,0,LOW
VEH0032,Chevrolet,2023-01-01 14:00:00,0.0003,0,LOW
VEH0032,Chevrolet,2023-01-01 14:10:00,0.0004,0,LOW
VEH0032,Chevrolet,2023-01-01 16:30:00,0.0004,0,LOW
VEH0032,Chevrolet,2023-01-01 16:48:00,0.0005,0,LOW
VEH0032,Chevrolet,2023-01-01 19:20:00,0.0003,0,LOW
VEH0032,Chevrolet,2023-01-01 19:50:00,0.0002,0,LOW
VEH0032,Chevrolet,2023-01-01 20:00:00,0.0028,0,LOW
VEH0032,Chevrolet,2023-01-02 00:42:00,0.0004,0,LOW
VEH0032,Chevrolet,2023-01-02 08:41:00,0.0006,0,LOW
VEH0032,Chevrolet,2023-01-02 11:06:00,0.0005,0,LOW
VEH0033,Honda,2023-01-01 00:00:00,0.0005,0,LOW
VEH0033,Honda,2023-01-01 00:33:00,0.0002,0,LOW
VEH0033,Honda,2023-01-01 01:12:00,0.005,0,LOW
VEH0033,Honda,2023-01-01 01:16:00,0.0002,0,LOW
VEH0033,Honda,2023-01-01 01:31:00,0.0003,0,LOW
VEH0033,Honda,2023-01-01 02:28:00,0.0012,0,LOW
VEH0033,Honda,2023-01-01 02:42:00,0.0002,0,LOW
VEH0033,Honda,2023-01-01 02:50:00,0.0009,0,LOW
VEH0033,Honda,2023-01-01 02:54:00,0.0002,0,LOW
VEH0033,Honda,2023-01-01 03:12:00,0.0004,0,LOW
VEH0033,Honda,2023-01-01 04:05:00,0.0002,0,LOW
VEH0033,Honda,2023-01-01 04:12:00,0.0005,0,LOW
VEH0033,Honda,2023-01-01 04:45:00,0.0005,0,LOW
VEH0033,Honda,2023-01-01 05:00:00,0.0006,0,LOW
VEH0033,Honda,2023-01-01 05:00:00,0.0005,0,LOW
VEH0033,Honda,2023-01-01 05:12:00,0.0002,0,LOW
VEH0033,Honda,2023-01-01 06:15:00,0.0005,0,LOW
VEH0033,Honda,2023-01-01 06:18:00,0.0002,0,LOW
VEH0033,Honda,2023-01-01 06:25:00,0.0003,0,LOW
VEH0033,Honda,2023-01-01 06:36:00,0.0003,0,LOW
VEH0033,Honda,2023-01-01 07:10:00,0.0002,0,LOW
VEH0033,Honda,2023-01-01 07:28:00,0.0002,0,LOW
VEH0033,Honda,2023-01-01 08:15:00,1e-04,0,LOW
VEH0033,Honda,2023-01-01 08:52:00,0.0009,0,LOW
VEH0033,Honda,2023-01-01 09:32:00,0.0011,0,LOW
VEH0033,Honda,2023-01-01 09:54:00,0.0003,0,LOW
VEH0033,Honda,2023-01-01 10:12:00,0.0005,0,LOW
VEH0033,Honda,2023-01-01 12:06:00,0.0003,0,LOW
VEH0033,Honda,2023-01-01 12:18:00,0.0003,0,LOW
VEH0033,Honda,2023-01-01 12:57:00,0.0013,0,LOW
VEH0033,Honda,2023-01-01 13:53:00,0.0002,0,LOW
VEH0033,Honda,2023-01-01 15:57:00,0.0006,0,LOW
VEH0033,Honda,2023-01-01 17:38:00,0.0004,0,LOW
VEH0033,Honda,2023-01-01 20:04:00,0.0004,0,LOW
VEH0033,Honda,2023-01-01 20:16:00,0.0003,0,LOW
VEH0033,Honda,2023-01-01 22:00:00,0.0002,0,LOW
VEH0033,Honda,2023-01-01 22:44:00,0.0004,0,LOW
VEH0033,Honda,2023-01-01 23:45:00,0.0009,0,LOW
VEH0033,Honda,2023-01-02 01:04:00,0.0002,0,LOW
VEH0033,Honda,2023-01-02 03:00:00,0.0003,0,LOW
VEH0033,Honda,2023-01-02 05:36:00,0.0002,0,LOW
VEH0033,Honda,2023-01-02 05:45:00,0.0003,0,LOW
VEH0033,Honda,2023-01-02 06:33:00,0.0011,0,LOW
VEH0033,Honda,2023-01-02 10:51:00,0.0004,0,LOW
VEH0034,BMW,2023-01-01 00:00:00,0.0003,0,LOW
VEH0034,BMW,2023-01-01 00:33:00,0.0006,0,LOW
VEH0034,BMW,2023-01-01 01:25:00,0.0007,0,LOW
VEH0034,BMW,2023-01-01 01:30:00,0.0002,0,LOW
VEH0034,BMW,2023-01-01 01:45:00,0.0002,0,LOW
VEH0034,BMW,2023-01-01 01:54:00,0.0006,0,LOW
VEH0034,BMW,2023-01-01 01:56:00,0.0006,0,LOW
VEH0034,BMW,2023-01-01 02:12:00,0.0002,0,LOW
VEH0034,BMW,2023-01-01 02:16:00,0.0002,0,LOW
VEH0034,BMW,2023-01-01 02:23:00,0.0003,0,LOW
VEH0034,BMW,2023-01-01 02:30:00,0.0003,0,LOW
VEH0034,BMW,2023-01-01 02:48:00,0.0002,0,LOW
VEH0034,BMW,2023-01-01 03:51:00,0.001,0,LOW
VEH0034,BMW,2023-01-01 04:40:00,0.0002,0,LOW
VEH0034,BMW,2023-01-01 04:40:00,0.0035,0,LOW
VEH0034,BMW,2023-01-01 04:46:00,0.0012,0,LOW
VEH0034,BMW,2023-01-01 05:38:00,0.0002,0,LOW
VEH0034,BMW,2023-01-01 06:10:00,0.0003,0,LOW
VEH0034,BMW,2023-01-01 06:18:00,0.0006,0,LOW
VEH0034,BMW,2023-01-01 06:46:00,0.0007,0,LOW
VEH0034,BMW,2023-01-01 06:56:00,0.0002,0,LOW
VEH0034,BMW,2023-01-01 08:48:00,0.0002,0,LOW
VEH0034,BMW,2023-01-01 09:12:00,0.0002,0,LOW
VEH0034,BMW,2023-01-01 09:55:00,0.0081,0,LOW
VEH0034,BMW,2023-01-01 10:00:00,0.0002,0,LOW
VEH0034,BMW,2023-01-01 10:44:00,0.0004,0,LOW
VEH0034,BMW,2023-01-01 11:12:00,0.0004,0,LOW
VEH0034,BMW,2023-01-01 11:42:00,0.0003,0,LOW
VEH0034,BMW,2023-01-01 11:43:00,0.0035,0,LOW
VEH0034,BMW,2023-01-01 12:16:00,0.0003,0,LOW
VEH0034,BMW,2023-01-01 12:24:00,0.0008,0,LOW
VEH0034,BMW,2023-01-01 13:00:00,0.0004,0,LOW
VEH0034,BMW,2023-01-01 14:42:00,0.0002,0,LOW
VEH0034,BMW,2023-01-01 15:00:00,0.0004,0,LOW
VEH0034,BMW,2023-01-01 15:28:00,0.0002,0,LOW
VEH0034,BMW,2023-01-01 15:52:00,0.0004,0,LOW
VEH0034,BMW,2023-01-01 20:09:00,0.0004,0,LOW
VEH0034,BMW,2023-01-01 20:47:00,0.0002,0,LOW
VEH0034,BMW,2023-01-01 22:48:00,0.0006,0,LOW
VEH0034,BMW,2023-01-01 23:51:00,0.0002,0,LOW
VEH0034,BMW,2023-01-02 00:04:00,0.0007,0,LOW
VEH0034,BMW,2023-01-02 00:36:00,0.0005,0,LOW
VEH0034,BMW,2023-01-02 00:42:00,0.0006,0,LOW
VEH0034,BMW,2023-01-02 03:14:00,0.0005,0,LOW
VEH0035,Chevrolet,2023-01-01 00:00:00,0.0026,0,LOW
VEH0035,Chevrolet,2023-01-01 00:18:00,0.0006,0,LOW
VEH0035,Chevrolet,2023-01-01 00:33:00,0.0004,0,LOW
VEH0035,Chevrolet,2023-01-01 01:21:00,0.0015,0,LOW
VEH0035,Chevrolet,2023-01-01 02:00:00,0.0144,0,LOW
VEH0035,Chevrolet,2023-01-01 02:27:00,0.0005,0,LOW
VEH0035,Chevrolet,2023-01-01 02:50:00,0.0004,0,LOW
VEH0035,Chevrolet,2023-01-01 03:04:00,0.0003,0,LOW
VEH0035,Chevrolet,2023-01-01 03:45:00,0.0006,0,LOW
VEH0035,Chevrolet,2023-01-01 03:50:00,0.0003,0,LOW
VEH0035,Chevrolet,2023-01-01 04:06:00,0.0004,0,LOW
VEH0035,Chevrolet,2023-01-01 04:10:00,0.0019,0,LOW
VEH0035,Chevrolet,2023-01-01 04:12:00,0.0006,0,LOW
VEH0035,Chevrolet,2023-01-01 04:16:00,0.0004,0,LOW
VEH0035,Chevrolet,2023-01-01 05:20:00,0.0005,0,LOW
VEH0035,Chevrolet,2023-01-01 05:42:00,0.0003,0,LOW
VEH0035,Chevrolet,2023-01-01 06:18:00,0.0002,0,LOW
VEH0035,Chevrolet,2023-01-01 06:32:00,0.0008,0,LOW
VEH0035,Chevrolet,2023-01-01 06:45:00,0.0005,0,LOW
VEH0035,Chevrolet,2023-01-01 06:58:00,0.0005,0,LOW
VEH0035,Chevrolet,2023-01-01 06:58:00,0.0005,0,LOW
VEH0035,Chevrolet,2023-01-01 07:05:00,0.0004,0,LOW
VEH0035,Chevrolet,2023-01-01 07:48:00,0.0007,0,LOW
VEH0035,Chevrolet,2023-01-01 08:24:00,0.9875,1,HIGH
VEH0035,Chevrolet,2023-01-01 08:33:00,0.0026,0,LOW
VEH0035,Chevrolet,2023-01-01 09:00:00,0.0021,0,LOW
VEH0035,Chevrolet,2023-01-01 09:20:00,0.0018,0,LOW
VEH0035,Chevrolet,2023-01-01 10:00:00,0.0063,0,LOW
VEH0035,Chevrolet,2023-01-01 10:48:00,0.0008,0,LOW
VEH0035,Chevrolet,2023-01-01 10:48:00,0.0002,0,LOW
VEH0035,Chevrolet,2023-01-01 11:05:00,0.0008,0,LOW
VEH0035,Chevrolet,2023-01-01 13:00:00,0.0006,0,LOW
VEH0035,Chevrolet,2023-01-01 16:28:00,0.0002,0,LOW
VEH0035,Chevrolet,2023-01-01 18:30:00,0.0007,0,LOW
VEH0035,Chevrolet,2023-01-01 19:30:00,0.0025,0,LOW
VEH0035,Chevrolet,2023-01-01 21:30:00,0.0057,0,LOW
VEH0035,Chevrolet,2023-01-01 23:12:00,0.0009,0,LOW
VEH0035,Chevrolet,2023-01-02 05:42:00,0.0003,0,LOW
VEH0035,Chevrolet,2023-01-02 06:29:00,0.9895,1,HIGH
VEH0036,Kia,2023-01-01 00:00:00,0.0003,0,LOW
VEH0036,Kia,2023-01-01 00:10:00,0.0003,0,LOW
VEH0036,Kia,2023-01-01 00:35:00,0.0005,0,LOW
VEH0036,Kia,2023-01-01 00:56:00,0.0005,0,LOW
VEH0036,Kia,2023-01-01 01:30:00,0.0029,0,LOW
VEH0036,Kia,2023-01-01 01:40:00,0.0003,0,LOW
VEH0036,Kia,2023-01-01 01:42:00,0.0019,0,LOW
VEH0036,Kia,2023-01-01 02:00:00,0.0002,0,LOW
VEH0036,Kia,2023-01-01 02:13:00,0.0004,0,LOW
VEH0036,Kia,2023-01-01 02:13:00,0.0002,0,LOW
VEH0036,Kia,2023-01-01 03:00:00,0.0011,0,LOW
VEH0036,Kia,2023-01-01 03:18:00,0.0007,0,LOW
VEH0036,Kia,2023-01-01 03:44:00,0.0002,0,LOW
VEH0036,Kia,2023-01-01 04:00:00,0.0002,0,LOW
VEH0036,Kia,2023-01-01 04:19:00,0.0008,0,LOW
VEH0036,Kia,2023-01-01 04:20:00,0.0003,0,LOW
VEH0036,Kia,2023-01-01 04:32:00,0.0003,0,LOW
VEH0036,Kia,2023-01-01 05:10:00,0.0003,0,LOW
VEH0036,Kia,2023-01-01 05:20:00,0.0004,0,LOW
VEH0036,Kia,2023-01-01 05:25:00,0.0003,0,LOW
VEH0036,Kia,2023-01-01 05:42:00,0.0004,0,LOW
VEH0036,Kia,2023-01-01 06:12:00,0.0003,0,LOW
VEH0036,Kia,2023-01-01 06:30:00,0.0003,0,LOW
VEH0036,Kia,2023-01-01 07:12:00,0.0002,0,LOW
VEH0036,Kia,2023-01-01 07:48:00,0.0002,0,LOW
VEH0036,Kia,2023-01-01 07:56:00,0.0003,0,LOW
VEH0036,Kia,2023-01-01 10:38:00,0.0002,0,LOW
VEH0036,Kia,2023-01-01 11:54:00,0.0024,0,LOW
VEH0036,Kia,2023-01-01 14:00:00,0.0002,0,LOW
VEH0036,Kia,2023-01-01 16:15:00,0.0003,0,LOW
VEH0036,Kia,2023-01-01 16:27:00,0.0003,0,LOW
VEH0036,Kia,2023-01-01 16:48:00,0.0002,0,LOW
VEH0036,Kia,2023-01-01 18:20:00,0.0002,0,LOW
VEH0036,Kia,2023-01-01 18:54:00,0.0002,0,LOW
VEH0036,Kia,2023-01-01 19:04:00,0.0012,0,LOW
VEH0036,Kia,2023-01-01 19:20:00,0.0007,0,LOW
VEH0036,Kia,2023-01-01 21:51:00,0.0003,0,LOW
VEH0036,Kia,2023-01-02 00:00:00,0.0003,0,LOW
VEH0036,Kia,2023-01-02 01:40:00,0.0002,0,LOW
VEH0036,Kia,2023-01-02 02:31:00,0.0002,0,LOW
VEH0036,Kia,2023-01-02 06:00:00,0.0038,0,LOW
VEH0036,Kia,2023-01-02 10:25:00,0.9971,1,HIGH
VEH0036,Kia,2023-01-02 10:51:00,0.0002,0,LOW
VEH0036,Kia,2023-01-02 11:20:00,0.0002,0,LOW
VEH0037,Ford,2023-01-01 00:00:00,0.0003,0,LOW
VEH0037,Ford,2023-01-01 00:56:00,0.0003,0,LOW
VEH0037,Ford,2023-01-01 01:20:00,0.0002,0,LOW
VEH0037,Ford,2023-01-01 01:36:00,0.0004,0,LOW
VEH0037,Ford,2023-01-01 01:44:00,0.0005,0,LOW
VEH0037,Ford,2023-01-01 01:55:00,0.0003,0,LOW
VEH0037,Ford,2023-01-01 02:00:00,0.0003,0,LOW
VEH0037,Ford,2023-01-01 02:50:00,0.0003,0,LOW
VEH0037,Ford,2023-01-01 03:09:00,0.0002,0,LOW
VEH0037,Ford,2023-01-01 03:30:00,0.0004,0,LOW
VEH0037,Ford,2023-01-01 03:30:00,0.0004,0,LOW
VEH0037,Ford,2023-01-01 04:03:00,0.0002,0,LOW
VEH0037,Ford,2023-01-01 04:40:00,0.0011,0,LOW
VEH0037,Ford,2023-01-01 04:40:00,0.0002,0,LOW
VEH0037,Ford,2023-01-01 05:18:00,0.0046,0,LOW
VEH0037,Ford,2023-01-01 06:25:00,0.0003,0,LOW
VEH0037,Ford,2023-01-01 07:09:00,0.0003,0,LOW
VEH0037,Ford,2023-01-01 07:22:00,0.0005,0,LOW
VEH0037,Ford,2023-01-01 07:42:00,0.0002,0,LOW
VEH0037,Ford,2023-01-01 08:10:00,0.0008,0,LOW
VEH0037,Ford,2023-01-01 09:04:00,0.0002,0,LOW
VEH0037,Ford,2023-01-01 10:36:00,0.0002,0,LOW
VEH0037,Ford,2023-01-01 10:40:00,0.0003,0,LOW
VEH0037,Ford,2023-01-01 12:00:00,0.0003,0,LOW
VEH0037,Ford,2023-01-01 12:02:00,0.0005,0,LOW
VEH0037,Ford,2023-01-01 12:18:00,0.0004,0,LOW
VEH0037,Ford,2023-01-01 13:30:00,0.0003,0,LOW
VEH0037,Ford,2023-01-01 15:12:00,0.0018,0,LOW
VEH0037,Ford,2023-01-01 16:12:00,0.0003,0,LOW
VEH0037,Ford,2023-01-01 16:15:00,0.0008,0,LOW
VEH0037,Ford,2023-01-01 18:42:00,0.0002,0,LOW
VEH0037,Ford,2023-01-01 20:18:00,0.0003,0,LOW
VEH0037,Ford,2023-01-01 21:32:00,0.0004,0,LOW
VEH0037,Ford,2023-01-01 21:40:00,0.0002,0,LOW
VEH0037,Ford,2023-01-01 22:24:00,0.0005,0,LOW
VEH0037,Ford,2023-01-01 22:49:00,0.0006,0,LOW
VEH0037,Ford,2023-01-01 23:12:00,0.0014,0,LOW
VEH0037,Ford,2023-01-02 01:58:00,0.0003,0,LOW
VEH0037,Ford,2023-01-02 03:54:00,0.001,0,LOW
VEH0037,Ford,2023-01-02 04:12:00,0.0004,0,LOW
VEH0037,Ford,2023-01-02 05:00:00,0.0003,0,LOW
VEH0037,Ford,2023-01-02 08:40:00,0.0014,0,LOW
VEH0037,Ford,2023-01-02 15:38:00,0.0004,0,LOW
VEH0038,Honda,2023-01-01 00:00:00,0.0002,0,LOW
VEH0038,Honda,2023-01-01 00:35:00,0.0004,0,LOW
VEH0038,Honda,2023-01-01 00:44:00,0.0005,0,LOW
VEH0038,Honda,2023-01-01 00:56:00,0.0004,0,LOW
VEH0038,Honda,2023-01-01 01:10:00,0.0013,0,LOW
VEH0038,Honda,2023-01-01 01:36:00,0.0004,0,LOW
VEH0038,Honda,2023-01-01 01:52:00,0.0003,0,LOW
VEH0038,Honda,2023-01-01 01:54:00,0.0007,0,LOW
VEH0038,Honda,2023-01-01 02:30:00,0.0002,0,LOW
VEH0038,Honda,2023-01-01 02:33:00,0.0005,0,LOW
VEH0038,Honda,2023-01-01 03:00:00,0.0002,0,LOW
VEH0038,Honda,2023-01-01 03:04:00,0.0029,0,LOW
VEH0038,Honda,2023-01-01 03:07:00,0.0004,0,LOW
VEH0038,Honda,2023-01-01 03:28:00,0.0004,0,LOW
VEH0038,Honda,2023-01-01 04:06:00,0.0005,0,LOW
VEH0038,Honda,2023-01-01 04:32:00,0.0003,0,LOW
VEH0038,Honda,2023-01-01 05:10:00,0.0003,0,LOW
VEH0038,Honda,2023-01-01 06:00:00,0.0005,0,LOW
VEH0038,Honda,2023-01-01 06:36:00,0.0005,0,LOW
VEH0038,Honda,2023-01-01 07:28:00,0.0003,0,LOW
VEH0038,Honda,2023-01-01 08:24:00,0.0006,0,LOW
VEH0038,Honda,2023-01-01 08:49:00,0.0016,0,LOW
VEH0038,Honda,2023-01-01 09:19:00,0.0004,0,LOW
VEH0038,Honda,2023-01-01 09:48:00,0.0024,0,LOW
VEH0038,Honda,2023-01-01 10:00:00,0.0006,0,LOW
VEH0038,Honda,2023-01-01 10:40:00,0.0002,0,LOW
VEH0038,Honda,2023-01-01 11:33:00,0.0002,0,LOW
VEH0038,Honda,2023-01-01 11:42:00,0.0009,0,LOW
VEH0038,Honda,2023-01-01 12:20:00,0.0009,0,LOW
VEH0038,Honda,2023-01-01 13:45:00,0.0006,0,LOW
VEH0038,Honda,2023-01-01 14:01:00,0.0004,0,LOW
VEH0038,Honda,2023-01-01 14:24:00,0.0002,0,LOW
VEH0038,Honda,2023-01-01 15:25:00,0.0004,0,LOW
VEH0038,Honda,2023-01-01 18:05:00,0.0012,0,LOW
VEH0038,Honda,2023-01-01 20:32:00,0.0182,0,LOW
VEH0038,Honda,2023-01-01 21:40:00,0.0009,0,LOW
VEH0038,Honda,2023-01-01 22:48:00,0.0038,0,LOW
VEH0038,Honda,2023-01-01 22:56:00,0.0005,0,LOW
VEH0038,Honda,2023-01-02 00:30:00,0.0008,0,LOW
VEH0038,Honda,2023-01-02 00:45:00,0.0006,0,LOW
VEH0038,Honda,2023-01-02 02:39:00,0.0004,0,LOW
VEH0038,Honda,2023-01-02 06:02:00,0.0007,0,LOW
VEH0038,Honda,2023-01-02 08:56:00,0.0004,0,LOW
VEH0038,Honda,2023-01-02 14:30:00,0.0005,0,LOW
VEH0039,Kia,2023-01-01 00:00:00,0.0004,0,LOW
VEH0039,Kia,2023-01-01 00:32:00,0.0002,0,LOW
VEH0039,Kia,2023-01-01 00:32:00,0.0003,0,LOW
VEH0039,Kia,2023-01-01 00:45:00,0.0002,0,LOW
VEH0039,Kia,2023-01-01 00:50:00,0.0003,0,LOW
VEH0039,Kia,2023-01-01 01:30:00,0.0256,0,LOW
VEH0039,Kia,2023-01-01 01:36:00,0.0004,0,LOW
VEH0039,Kia,2023-01-01 02:33:00,0.0003,0,LOW
VEH0039,Kia,2023-01-01 03:04:00,0.0004,0,LOW
VEH0039,Kia,2023-01-01 03:24:00,0.0003,0,LOW
VEH0039,Kia,2023-01-01 03:25:00,0.0002,0,LOW
VEH0039,Kia,2023-01-01 03:52:00,0.0003,0,LOW
VEH0039,Kia,2023-01-01 04:00:00,0.0002,0,LOW
VEH0039,Kia,2023-01-01 04:00:00,0.0004,0,LOW
VEH0039,Kia,2023-01-01 04:07:00,0.0007,0,LOW
VEH0039,Kia,2023-01-01 04:39:00,0.0002,0,LOW
VEH0039,Kia,2023-01-01 05:45:00,0.0003,0,LOW
VEH0039,Kia,2023-01-01 05:50:00,0.0003,0,LOW
VEH0039,Kia,2023-01-01 06:20:00,0.0003,0,LOW
VEH0039,Kia,2023-01-01 06:36:00,0.0004,0,LOW
VEH0039,Kia,2023-01-01 06:36:00,0.0003,0,LOW
VEH0039,Kia,2023-01-01 07:20:00,0.0004,0,LOW
VEH0039,Kia,2023-01-01 09:20:00,0.0008,0,LOW
VEH0039,Kia,2023-01-01 09:27:00,0.0008,0,LOW
VEH0039,Kia,2023-01-01 10:30:00,0.0004,0,LOW
VEH0039,Kia,2023-01-01 11:22:00,0.0004,0,LOW
VEH0039,Kia,2023-01-01 11:36:00,0.0006,0,LOW
VEH0039,Kia,2023-01-01 12:08:00,0.0003,0,LOW
VEH0039,Kia,2023-01-01 13:00:00,0.0003,0,LOW
VEH0039,Kia,2023-01-01 13:39:00,0.0005,0,LOW
VEH0039,Kia,2023-01-01 13:48:00,0.0078,0,LOW
VEH0039,Kia,2023-01-01 17:46:00,0.0018,0,LOW
VEH0039,Kia,2023-01-01 18:40:00,0.0051,0,LOW
VEH0039,Kia,2023-01-01 19:40:00,0.0003,0,LOW
VEH0039,Kia,2023-01-01 21:20:00,0.0004,0,LOW
VEH0039,Kia,2023-01-02 00:10:00,0.0002,0,LOW
VEH0039,Kia,2023-01-02 00:30:00,0.0055,0,LOW
VEH0039,Kia,2023-01-02 00:30:00,0.0002,0,LOW
VEH0039,Kia,2023-01-02 02:36:00,0.0003,0,LOW
VEH0039,Kia,2023-01-02 03:20:00,0.0005,0,LOW
VEH0039,Kia,2023-01-02 03:30:00,0.0008,0,LOW
VEH0039,Kia,2023-01-02 08:04:00,0.0004,0,LOW
VEH0039,Kia,2023-01-02 10:50:00,0.0003,0,LOW
VEH0040,Ford,2023-01-01 00:00:00,0.0009,0,LOW
VEH0040,Ford,2023-01-01 00:30:00,0.0004,0,LOW
VEH0040,Ford,2023-01-01 00:36:00,0.0011,0,LOW
VEH0040,Ford,2023-01-01 01:15:00,0.0029,0,LOW
VEH0040,Ford,2023-01-01 01:28:00,0.0002,0,LOW
VEH0040,Ford,2023-01-01 01:46:00,0.0003,0,LOW
VEH0040,Ford,2023-01-01 02:05:00,0.0006,0,LOW
VEH0040,Ford,2023-01-01 02:24:00,0.0008,0,LOW
VEH0040,Ford,2023-01-01 03:10:00,0.0024,0,LOW
VEH0040,Ford,2023-01-01 03:24:00,0.0008,0,LOW
VEH0040,Ford,2023-01-01 03:54:00,0.0012,0,LOW
VEH0040,Ford,2023-01-01 04:15:00,0.0003,0,LOW
VEH0040,Ford,2023-01-01 04:16:00,0.0356,0,LOW
VEH0040,Ford,2023-01-01 04:26:00,0.0002,0,LOW
VEH0040,Ford,2023-01-01 04:56:00,0.0017,0,LOW
VEH0040,Ford,2023-01-01 05:48:00,0.0008,0,LOW
VEH0040,Ford,2023-01-01 06:46:00,0.0026,0,LOW
VEH0040,Ford,2023-01-01 06:46:00,0.0003,0,LOW
VEH0040,Ford,2023-01-01 07:12:00,0.0003,0,LOW
VEH0040,Ford,2023-01-01 07:31:00,0.0007,0,LOW
VEH0040,Ford,2023-01-01 08:00:00,0.0004,0,LOW
VEH0040,Ford,2023-01-01 08:51:00,0.0009,0,LOW
VEH0040,Ford,2023-01-01 11:20:00,0.0004,0,LOW
VEH0040,Ford,2023-01-01 12:47:00,0.0114,0,LOW
VEH0040,Ford,2023-01-01 12:48:00,0.0002,0,LOW
VEH0040,Ford,2023-01-01 13:39:00,0.0006,0,LOW
VEH0040,Ford,2023-01-01 13:48:00,0.0006,0,LOW
VEH0040,Ford,2023-01-01 14:40:00,0.0046,0,LOW
VEH0040,Ford,2023-01-01 17:06:00,0.0003,0,LOW
VEH0040,Ford,2023-01-01 17:58:00,0.0003,0,LOW
VEH0040,Ford,2023-01-01 18:40:00,0.0002,0,LOW
VEH0040,Ford,2023-01-01 20:15:00,0.0003,0,LOW
VEH0040,Ford,2023-01-01 21:20:00,0.0003,0,LOW
VEH0040,Ford,2023-01-01 22:48:00,0.0003,0,LOW
VEH0040,Ford,2023-01-01 23:06:00,0.0003,0,LOW
VEH0040,Ford,2023-01-02 01:08:00,0.0004,0,LOW
VEH0040,Ford,2023-01-02 01:40:00,0.0002,0,LOW
VEH0040,Ford,2023-01-02 03:00:00,0.0006,0,LOW
VEH0040,Ford,2023-01-02 05:27:00,0.0004,0,LOW
VEH0040,Ford,2023-01-02 06:13:00,0.0003,0,LOW
VEH0041,Audi,2023-01-01 00:00:00,0.0014,0,LOW
VEH0041,Audi,2023-01-01 00:06:00,0.0003,0,LOW
VEH0041,Audi,2023-01-01 01:18:00,0.0005,0,LOW
VEH0041,Audi,2023-01-01 01:48:00,0.0003,0,LOW
VEH0041,Audi,2023-01-01 01:52:00,0.0004,0,LOW
VEH0041,Audi,2023-01-01 03:02:00,0.0003,0,LOW
VEH0041,Audi,2023-01-01 03:06:00,0.0005,0,LOW
VEH0041,Audi,2023-01-01 03:16:00,0.0003,0,LOW
VEH0041,Audi,2023-01-01 03:36:00,0.0003,0,LOW
VEH0041,Audi,2023-01-01 03:48:00,0.0003,0,LOW
VEH0041,Audi,2023-01-01 04:05:00,0.0009,0,LOW
VEH0041,Audi,2023-01-01 04:12:00,0.0005,0,LOW
VEH0041,Audi,2023-01-01 04:24:00,0.001,0,LOW
VEH0041,Audi,2023-01-01 05:12:00,0.0004,0,LOW
VEH0041,Audi,2023-01-01 05:24:00,0.0004,0,LOW
VEH0041,Audi,2023-01-01 05:36:00,0.0003,0,LOW
VEH0041,Audi,2023-01-01 05:40:00,0.0019,0,LOW
VEH0041,Audi,2023-01-01 07:00:00,0.002,0,LOW
VEH0041,Audi,2023-01-01 08:48:00,0.0002,0,LOW
VEH0041,Audi,2023-01-01 09:36:00,0.0002,0,LOW
VEH0041,Audi,2023-01-01 10:00:00,0.0003,0,LOW
VEH0041,Audi,2023-01-01 10:09:00,0.0005,0,LOW
VEH0041,Audi,2023-01-01 10:12:00,0.0004,0,LOW
VEH0041,Audi,2023-01-01 10:44:00,0.0003,0,LOW
VEH0041,Audi,2023-01-01 12:15:00,0.0002,0,LOW
VEH0041,Audi,2023-01-01 12:20:00,0.0006,0,LOW
VEH0041,Audi,2023-01-01 12:30:00,0.0006,0,LOW
VEH0041,Audi,2023-01-01 14:24:00,0.0008,0,LOW
VEH0041,Audi,2023-01-01 14:40:00,0.0003,0,LOW
VEH0041,Audi,2023-01-01 15:01:00,0.0003,0,LOW
VEH0041,Audi,2023-01-01 15:12:00,0.0003,0,LOW
VEH0041,Audi,2023-01-01 15:44:00,0.0003,0,LOW
VEH0041,Audi,2023-01-01 18:00:00,0.0003,0,LOW
VEH0041,Audi,2023-01-01 18:42:00,0.0003,0,LOW
VEH0041,Audi,2023-01-01 23:30:00,0.0002,0,LOW
VEH0041,Audi,2023-01-02 00:04:00,0.0002,0,LOW
VEH0041,Audi,2023-01-02 01:50:00,0.0003,0,LOW
VEH0041,Audi,2023-01-02 05:42:00,0.0022,0,LOW
VEH0041,Audi,2023-01-02 07:28:00,0.0007,0,LOW
VEH0042,Toyota,2023-01-01 00:00:00,0.0004,0,LOW
VEH0042,Toyota,2023-01-01 00:37:00,0.0006,0,LOW
VEH0042,Toyota,2023-01-01 01:20:00,0.0002,0,LOW
VEH0042,Toyota,2023-01-01 01:22:00,0.0005,0,LOW
VEH0042,Toyota,2023-01-01 01:30:00,0.0002,0,LOW
VEH0042,Toyota,2023-01-01 01:35:00,0.0004,0,LOW
VEH0042,Toyota,2023-01-01 01:36:00,0.0003,0,LOW
VEH0042,Toyota,2023-01-01 01:42:00,0.0005,0,LOW
VEH0042,Toyota,2023-01-01 01:45:00,0.0146,0,LOW
VEH0042,Toyota,2023-01-01 02:06:00,0.0054,0,LOW
VEH0042,Toyota,2023-01-01 02:32:00,0.0003,0,LOW
VEH0042,Toyota,2023-01-01 03:30:00,0.0002,0,LOW
VEH0042,Toyota,2023-01-01 04:15:00,0.0005,0,LOW
VEH0042,Toyota,2023-01-01 05:00:00,0.0003,0,LOW
VEH0042,Toyota,2023-01-01 05:04:00,0.0003,0,LOW
VEH0042,Toyota,2023-01-01 05:25:00,0.0002,0,LOW
VEH0042,Toyota,2023-01-01 05:36:00,0.0003,0,LOW
VEH0042,Toyota,2023-01-01 05:36:00,0.0003,0,LOW
VEH0042,Toyota,2023-01-01 05:48:00,0.0003,0,LOW
VEH0042,Toyota,2023-01-01 06:48:00,0.0008,0,LOW
VEH0042,Toyota,2023-01-01 07:50:00,0.0002,0,LOW
VEH0042,Toyota,2023-01-01 07:53:00,0.0005,0,LOW
VEH0042,Toyota,2023-01-01 08:01:00,0.0006,0,LOW
VEH0042,Toyota,2023-01-01 09:04:00,0.0003,0,LOW
VEH0042,Toyota,2023-01-01 10:24:00,0.0004,0,LOW
VEH0042,Toyota,2023-01-01 11:03:00,0.0071,0,LOW
VEH0042,Toyota,2023-01-01 11:06:00,0.0003,0,LOW
VEH0042,Toyota,2023-01-01 11:44:00,0.0003,0,LOW
VEH0042,Toyota,2023-01-01 13:56:00,0.0003,0,LOW
VEH0042,Toyota,2023-01-01 15:02:00,0.0008,0,LOW
VEH0042,Toyota,2023-01-01 16:00:00,0.0023,0,LOW
VEH0042,Toyota,2023-01-01 16:15:00,0.0004,0,LOW
VEH0042,Toyota,2023-01-01 16:52:00,0.0032,0,LOW
VEH0042,Toyota,2023-01-01 19:48:00,0.0004,0,LOW
VEH0042,Toyota,2023-01-01 19:56:00,0.0003,0,LOW
VEH0042,Toyota,2023-01-01 20:54:00,0.0009,0,LOW
VEH0042,Toyota,2023-01-02 00:36:00,0.0003,0,LOW
VEH0042,Toyota,2023-01-02 01:50:00,0.0004,0,LOW
VEH0042,Toyota,2023-01-02 02:06:00,0.0003,0,LOW
VEH0042,Toyota,2023-01-02 03:04:00,0.0002,0,LOW
VEH0042,Toyota,2023-01-02 09:15:00,0.0006,0,LOW
VEH0042,Toyota,2023-01-02 11:00:00,0.0004,0,LOW
VEH0042,Toyota,2023-01-02 12:40:00,0.0007,0,LOW
VEH0043,Hyundai,2023-01-01 00:00:00,0.0005,0,LOW
VEH0043,Hyundai,2023-01-01 00:40:00,0.0004,0,LOW
VEH0043,Hyundai,2023-01-01 00:57:00,0.0008,0,LOW
VEH0043,Hyundai,2023-01-01 01:00:00,0.0011,0,LOW
VEH0043,Hyundai,2023-01-01 01:52:00,0.0002,0,LOW
VEH0043,Hyundai,2023-01-01 02:06:00,0.0006,0,LOW
VEH0043,Hyundai,2023-01-01 02:48:00,0.0003,0,LOW
VEH0043,Hyundai,2023-01-01 03:00:00,0.0005,0,LOW
VEH0043,Hyundai,2023-01-01 03:20:00,0.0003,0,LOW
VEH0043,Hyundai,2023-01-01 03:52:00,0.0006,0,LOW
VEH0043,Hyundai,2023-01-01 04:18:00,0.0004,0,LOW
VEH0043,Hyundai,2023-01-01 05:00:00,0.0003,0,LOW
VEH0043,Hyundai,2023-01-01 05:08:00,0.0014,0,LOW
VEH0043,Hyundai,2023-01-01 05:45:00,0.0014,0,LOW
VEH0043,Hyundai,2023-01-01 06:36:00,0.0005,0,LOW
VEH0043,Hyundai,2023-01-01 06:50:00,0.0004,0,LOW
VEH0043,Hyundai,2023-01-01 07:00:00,0.0004,0,LOW
VEH0043,Hyundai,2023-01-01 07:09:00,0.0003,0,LOW
VEH0043,Hyundai,2023-01-01 07:17:00,0.9938,1,HIGH
VEH0043,Hyundai,2023-01-01 07:40:00,0.0015,0,LOW
VEH0043,Hyundai,2023-01-01 07:42:00,0.0004,0,LOW
VEH0043,Hyundai,2023-01-01 07:57:00,0.0006,0,LOW
VEH0043,Hyundai,2023-01-01 09:21:00,0.0007,0,LOW
VEH0043,Hyundai,2023-01-01 09:48:00,0.0088,0,LOW
VEH0043,Hyundai,2023-01-01 11:16:00,0.0004,0,LOW
VEH0043,Hyundai,2023-01-01 12:48:00,0.0004,0,LOW
VEH0043,Hyundai,2023-01-01 13:36:00,0.0007,0,LOW
VEH0043,Hyundai,2023-01-01 13:40:00,0.0004,0,LOW
VEH0043,Hyundai,2023-01-01 13:52:00,0.0004,0,LOW
VEH0043,Hyundai,2023-01-01 14:44:00,0.0003,0,LOW
VEH0043,Hyundai,2023-01-01 15:20:00,0.0022,0,LOW
VEH0043,Hyundai,2023-01-01 15:30:00,0.0008,0,LOW
VEH0043,Hyundai,2023-01-01 15:45:00,0.0004,0,LOW
VEH0043,Hyundai,2023-01-01 18:30:00,0.0003,0,LOW
VEH0043,Hyundai,2023-01-01 18:54:00,0.0011,0,LOW
VEH0043,Hyundai,2023-01-01 19:10:00,0.0004,0,LOW
VEH0043,Hyundai,2023-01-01 19:12:00,0.001,0,LOW
VEH0043,Hyundai,2023-01-01 22:24:00,0.0004,0,LOW
VEH0043,Hyundai,2023-01-01 22:40:00,0.0009,0,LOW
VEH0043,Hyundai,2023-01-02 00:30:00,0.0011,0,LOW
VEH0043,Hyundai,2023-01-02 03:52:00,0.0003,0,LOW
VEH0043,Hyundai,2023-01-02 06:24:00,0.0005,0,LOW
VEH0044,Toyota,2023-01-01 00:00:00,0.0003,0,LOW
VEH0044,Toyota,2023-01-01 00:48:00,0.0007,0,LOW
VEH0044,Toyota,2023-01-01 01:08:00,0.0005,0,LOW
VEH0044,Toyota,2023-01-01 01:24:00,0.0007,0,LOW
VEH0044,Toyota,2023-01-01 01:28:00,0.0016,0,LOW
VEH0044,Toyota,2023-01-01 01:45:00,0.0007,0,LOW
VEH0044,Toyota,2023-01-01 01:45:00,0.0007,0,LOW
VEH0044,Toyota,2023-01-01 01:50:00,0.0002,0,LOW
VEH0044,Toyota,2023-01-01 02:13:00,0.0012,0,LOW
VEH0044,Toyota,2023-01-01 02:45:00,0.0006,0,LOW
VEH0044,Toyota,2023-01-01 03:29:00,0.0008,0,LOW
VEH0044,Toyota,2023-01-01 03:45:00,0.0004,0,LOW
VEH0044,Toyota,2023-01-01 04:32:00,0.0006,0,LOW
VEH0044,Toyota,2023-01-01 04:46:00,0.0005,0,LOW
VEH0044,Toyota,2023-01-01 06:24:00,0.0003,0,LOW
VEH0044,Toyota,2023-01-01 06:30:00,0.0003,0,LOW
VEH0044,Toyota,2023-01-01 06:46:00,0.0023,0,LOW
VEH0044,Toyota,2023-01-01 06:56:00,0.001,0,LOW
VEH0044,Toyota,2023-01-01 07:12:00,0.0004,0,LOW
VEH0044,Toyota,2023-01-01 08:13:00,0.0006,0,LOW
VEH0044,Toyota,2023-01-01 09:00:00,0.0006,0,LOW
VEH0044,Toyota,2023-01-01 10:08:00,0.0004,0,LOW
VEH0044,Toyota,2023-01-01 10:24:00,0.0006,0,LOW
VEH0044,Toyota,2023-01-01 10:40:00,0.0015,0,LOW
VEH0044,Toyota,2023-01-01 11:12:00,0.0002,0,LOW
VEH0044,Toyota,2023-01-01 11:20:00,0.0039,0,LOW
VEH0044,Toyota,2023-01-01 12:24:00,0.0003,0,LOW
VEH0044,Toyota,2023-01-01 12:36:00,0.0008,0,LOW
VEH0044,Toyota,2023-01-01 12:36:00,0.0021,0,LOW
VEH0044,Toyota,2023-01-01 13:12:00,0.0048,0,LOW
VEH0044,Toyota,2023-01-01 15:20:00,0.0003,0,LOW
VEH0044,Toyota,2023-01-01 15:52:00,0.0006,0,LOW
VEH0044,Toyota,2023-01-01 17:46:00,0.0004,0,LOW
VEH0044,Toyota,2023-01-01 21:05:00,0.0005,0,LOW
VEH0044,Toyota,2023-01-02 00:22:00,0.0004,0,LOW
VEH0045,Toyota,2023-01-01 00:00:00,0.0005,0,LOW
VEH0045,Toyota,2023-01-01 00:35:00,0.0005,0,LOW
VEH0045,Toyota,2023-01-01 00:36:00,0.0003,0,LOW
VEH0045,Toyota,2023-01-01 01:28:00,0.0005,0,LOW
VEH0045,Toyota,2023-01-01 02:32:00,0.0002,0,LOW
VEH0045,Toyota,2023-01-01 02:34:00,0.0007,0,LOW
VEH0045,Toyota,2023-01-01 02:52:00,0.0004,0,LOW
VEH0045,Toyota,2023-01-01 03:24:00,0.0002,0,LOW
VEH0045,Toyota,2023-01-01 03:30:00,0.0006,0,LOW
VEH0045,Toyota,2023-01-01 03:54:00,0.0047,0,LOW
VEH0045,Toyota,2023-01-01 03:58:00,0.0017,0,LOW
VEH0045,Toyota,2023-01-01 04:12:00,0.0018,0,LOW
VEH0045,Toyota,2023-01-01 04:32:00,0.0023,0,LOW
VEH0045,Toyota,2023-01-01 04:55:00,0.0022,0,LOW
VEH0045,Toyota,2023-01-01 05:10:00,0.002,0,LOW
VEH0045,Toyota,2023-01-01 05:19:00,0.0014,0,LOW
VEH0045,Toyota,2023-01-01 07:00:00,0.0007,0,LOW
VEH0045,Toyota,2023-01-01 08:00:00,0.0032,0,LOW
VEH0045,Toyota,2023-01-01 08:00:00,0.0002,0,LOW
VEH0045,Toyota,2023-01-01 08:10:00,0.0011,0,LOW
VEH0045,Toyota,2023-01-01 10:11:00,0.0003,0,LOW
VEH0045,Toyota,2023-01-01 11:06:00,0.0005,0,LOW
VEH0045,Toyota,2023-01-01 11:43:00,0.0004,0,LOW
VEH0045,Toyota,2023-01-01 12:16:00,0.0003,0,LOW
VEH0045,Toyota,2023-01-01 12:48:00,0.0003,0,LOW
VEH0045,Toyota,2023-01-01 13:20:00,0.0022,0,LOW
VEH0045,Toyota,2023-01-01 14:00:00,0.0003,0,LOW
VEH0045,Toyota,2023-01-01 16:15:00,0.0004,0,LOW
VEH0045,Toyota,2023-01-01 16:52:00,0.0008,0,LOW
VEH0045,Toyota,2023-01-01 18:12:00,0.0006,0,LOW
VEH0045,Toyota,2023-01-01 19:56:00,0.0072,0,LOW
VEH0045,Toyota,2023-01-01 23:41:00,0.0002,0,LOW
VEH0045,Toyota,2023-01-02 00:18:00,0.0003,0,LOW
VEH0045,Toyota,2023-01-02 04:56:00,0.0002,0,LOW
VEH0045,Toyota,2023-01-02 06:55:00,0.0003,0,LOW
VEH0045,Toyota,2023-01-02 08:27:00,0.0002,0,LOW
VEH0046,Ford,2023-01-01 00:00:00,0.0002,0,LOW
VEH0046,Ford,2023-01-01 00:27:00,0.0003,0,LOW
VEH0046,Ford,2023-01-01 00:28:00,0.0003,0,LOW
VEH0046,Ford,2023-01-01 00:55:00,0.0005,0,LOW
VEH0046,Ford,2023-01-01 01:33:00,0.0002,0,LOW
VEH0046,Ford,2023-01-01 01:52:00,0.0007,0,LOW
VEH0046,Ford,2023-01-01 01:54:00,0.0002,0,LOW
VEH0046,Ford,2023-01-01 02:06:00,0.003,0,LOW
VEH0046,Ford,2023-01-01 03:30:00,0.0004,0,LOW
VEH0046,Ford,2023-01-01 03:40:00,0.0003,0,LOW
VEH0046,Ford,2023-01-01 04:46:00,0.0003,0,LOW
VEH0046,Ford,2023-01-01 04:57:00,0.0003,0,LOW
VEH0046,Ford,2023-01-01 05:36:00,0.0003,0,LOW
VEH0046,Ford,2023-01-01 06:40:00,0.0005,0,LOW
VEH0046,Ford,2023-01-01 06:53:00,0.0003,0,LOW
VEH0046,Ford,2023-01-01 07:09:00,0.0005,0,LOW
VEH0046,Ford,2023-01-01 07:12:00,0.0039,0,LOW
VEH0046,Ford,2023-01-01 07:42:00,0.0004,0,LOW
VEH0046,Ford,2023-01-01 08:20:00,0.0003,0,LOW
VEH0046,Ford,2023-01-01 08:27:00,0.0002,0,LOW
VEH0046,Ford,2023-01-01 08:30:00,0.0003,0,LOW
VEH0046,Ford,2023-01-01 08:52:00,0.0002,0,LOW
VEH0046,Ford,2023-01-01 09:48:00,0.0013,0,LOW
VEH0046,Ford,2023-01-01 10:00:00,0.0005,0,LOW
VEH0046,Ford,2023-01-01 10:12:00,0.001,0,LOW
VEH0046,Ford,2023-01-01 10:56:00,0.0003,0,LOW
VEH0046,Ford,2023-01-01 11:30:00,0.0007,0,LOW
VEH0046,Ford,2023-01-01 12:34:00,0.0004,0,LOW
VEH0046,Ford,2023-01-01 13:20:00,0.0004,0,LOW
VEH0046,Ford,2023-01-01 15:00:00,0.0002,0,LOW
VEH0046,Ford,2023-01-01 18:27:00,0.9963,1,HIGH
VEH0046,Ford,2023-01-01 21:52:00,0.0008,0,LOW
VEH0046,Ford,2023-01-01 22:24:00,0.0006,0,LOW
VEH0046,Ford,2023-01-01 23:12:00,0.0004,0,LOW
VEH0046,Ford,2023-01-01 23:26:00,0.0004,0,LOW
VEH0046,Ford,2023-01-01 23:51:00,0.0003,0,LOW
VEH0046,Ford,2023-01-02 01:08:00,0.0004,0,LOW
VEH0046,Ford,2023-01-02 04:20:00,0.0009,0,LOW
VEH0046,Ford,2023-01-02 04:35:00,0.001,0,LOW
VEH0046,Ford,2023-01-02 05:27:00,0.0006,0,LOW
VEH0046,Ford,2023-01-02 06:00:00,0.0004,0,LOW
VEH0046,Ford,2023-01-02 10:50:00,0.0005,0,LOW
VEH0047,BMW,2023-01-01 00:00:00,0.0008,0,LOW
VEH0047,BMW,2023-01-01 00:36:00,0.0003,0,LOW
VEH0047,BMW,2023-01-01 00:44:00,0.0005,0,LOW
VEH0047,BMW,2023-01-01 00:54:00,0.0003,0,LOW
VEH0047,BMW,2023-01-01 01:24:00,0.0011,0,LOW
VEH0047,BMW,2023-01-01 01:45:00,0.0009,0,LOW
VEH0047,BMW,2023-01-01 02:00:00,0.0003,0,LOW
VEH0047,BMW,2023-01-01 02:15:00,0.0006,0,LOW
VEH0047,BMW,2023-01-01 02:34:00,0.0006,0,LOW
VEH0047,BMW,2023-01-01 03:00:00,0.0003,0,LOW
VEH0047,BMW,2023-01-01 04:35:00,0.0004,0,LOW
VEH0047,BMW,2023-01-01 04:36:00,0.0004,0,LOW
VEH0047,BMW,2023-01-01 04:54:00,0.0003,0,LOW
VEH0047,BMW,2023-01-01 04:55:00,0.0012,0,LOW
VEH0047,BMW,2023-01-01 05:10:00,0.0009,0,LOW
VEH0047,BMW,2023-01-01 05:19:00,0.0004,0,LOW
VEH0047,BMW,2023-01-01 05:23:00,0.0003,0,LOW
VEH0047,BMW,2023-01-01 07:12:00,0.0009,0,LOW
VEH0047,BMW,2023-01-01 07:22:00,0.0038,0,LOW
VEH0047,BMW,2023-01-01 07:44:00,0.0005,0,LOW
VEH0047,BMW,2023-01-01 07:48:00,0.0003,0,LOW
VEH0047,BMW,2023-01-01 07:56:00,0.0005,0,LOW
VEH0047,BMW,2023-01-01 08:24:00,0.0015,0,LOW
VEH0047,BMW,2023-01-01 08:33:00,0.0019,0,LOW
VEH0047,BMW,2023-01-01 09:06:00,0.0006,0,LOW
VEH0047,BMW,2023-01-01 09:40:00,0.0005,0,LOW
VEH0047,BMW,2023-01-01 10:40:00,0.0021,0,LOW
VEH0047,BMW,2023-01-01 13:57:00,0.0003,0,LOW
VEH0047,BMW,2023-01-01 14:06:00,0.0005,0,LOW
VEH0047,BMW,2023-01-01 14:24:00,0.0034,0,LOW
VEH0047,BMW,2023-01-01 22:24:00,0.0015,0,LOW
VEH0047,BMW,2023-01-01 23:30:00,0.0026,0,LOW
VEH0047,BMW,2023-01-02 00:18:00,0.0003,0,LOW
VEH0047,BMW,2023-01-02 02:08:00,0.0004,0,LOW
VEH0047,BMW,2023-01-02 04:03:00,0.9911,1,HIGH
VEH0048,Audi,2023-01-01 00:00:00,0.0024,0,LOW
VEH0048,Audi,2023-01-01 00:09:00,0.0003,0,LOW
VEH0048,Audi,2023-01-01 01:50:00,0.0003,0,LOW
VEH0048,Audi,2023-01-01 01:54:00,0.8086,1,HIGH
VEH0048,Audi,2023-01-01 02:08:00,0.0005,0,LOW
VEH0048,Audi,2023-01-01 02:12:00,0.0002,0,LOW
VEH0048,Audi,2023-01-01 02:24:00,0.0012,0,LOW
VEH0048,Audi,2023-01-01 02:34:00,0.0004,0,LOW
VEH0048,Audi,2023-01-01 02:48:00,0.0004,0,LOW
VEH0048,Audi,2023-01-01 03:15:00,0.0047,0,LOW
VEH0048,Audi,2023-01-01 03:41:00,0.0004,0,LOW
VEH0048,Audi,2023-01-01 04:00:00,0.0021,0,LOW
VEH0048,Audi,2023-01-01 05:06:00,0.0005,0,LOW
VEH0048,Audi,2023-01-01 05:42:00,0.0003,0,LOW
VEH0048,Audi,2023-01-01 05:50:00,0.0005,0,LOW
VEH0048,Audi,2023-01-01 07:04:00,0.0004,0,LOW
VEH0048,Audi,2023-01-01 07:12:00,0.0006,0,LOW
VEH0048,Audi,2023-01-01 07:48:00,0.0007,0,LOW
VEH0048,Audi,2023-01-01 08:10:00,0.0003,0,LOW
VEH0048,Audi,2023-01-01 09:48:00,0.0005,0,LOW
VEH0048,Audi,2023-01-01 10:40:00,0.0003,0,LOW
VEH0048,Audi,2023-01-01 10:58:00,0.0007,0,LOW
VEH0048,Audi,2023-01-01 11:12:00,0.0004,0,LOW
VEH0048,Audi,2023-01-01 12:00:00,0.0004,0,LOW
VEH0048,Audi,2023-01-01 12:16:00,0.0002,0,LOW
VEH0048,Audi,2023-01-01 13:56:00,0.0004,0,LOW
VEH0048,Audi,2023-01-01 15:44:00,0.0009,0,LOW
VEH0048,Audi,2023-01-01 16:15:00,0.0006,0,LOW
VEH0048,Audi,2023-01-01 17:53:00,0.0014,0,LOW
VEH0048,Audi,2023-01-01 18:38:00,0.0416,0,LOW
VEH0048,Audi,2023-01-01 20:48:00,0.0015,0,LOW
VEH0048,Audi,2023-01-01 20:58:00,0.001,0,LOW
VEH0048,Audi,2023-01-01 21:09:00,0.0004,0,LOW
VEH0048,Audi,2023-01-01 22:37:00,0.0006,0,LOW
VEH0048,Audi,2023-01-02 00:45:00,0.0009,0,LOW
VEH0048,Audi,2023-01-02 02:00:00,0.0004,0,LOW
VEH0048,Audi,2023-01-02 02:21:00,0.0004,0,LOW
VEH0048,Audi,2023-01-02 02:38:00,0.0004,0,LOW
VEH0048,Audi,2023-01-02 07:30:00,0.0004,0,LOW
VEH0048,Audi,2023-01-02 08:40:00,0.0003,0,LOW
VEH0048,Audi,2023-01-02 10:48:00,0.0022,0,LOW
VEH0049,Audi,2023-01-01 00:00:00,0.9993,1,HIGH
VEH0049,Audi,2023-01-01 00:12:00,0.0003,0,LOW
VEH0049,Audi,2023-01-01 00:47:00,0.0005,0,LOW
VEH0049,Audi,2023-01-01 00:52:00,0.0002,0,LOW
VEH0049,Audi,2023-01-01 01:12:00,0.0004,0,LOW
VEH0049,Audi,2023-01-01 01:48:00,0.0004,0,LOW
VEH0049,Audi,2023-01-01 02:00:00,0.0007,0,LOW
VEH0049,Audi,2023-01-01 03:10:00,0.0013,0,LOW
VEH0049,Audi,2023-01-01 03:20:00,0.0007,0,LOW
VEH0049,Audi,2023-01-01 03:37:00,0.0004,0,LOW
VEH0049,Audi,2023-01-01 03:54:00,0.0004,0,LOW
VEH0049,Audi,2023-01-01 04:07:00,0.0003,0,LOW
VEH0049,Audi,2023-01-01 04:32:00,0.0022,0,LOW
VEH0049,Audi,2023-01-01 04:57:00,0.0004,0,LOW
VEH0049,Audi,2023-01-01 05:24:00,0.999,1,HIGH
VEH0049,Audi,2023-01-01 05:36:00,0.0003,0,LOW
VEH0049,Audi,2023-01-01 06:04:00,0.0003,0,LOW
VEH0049,Audi,2023-01-01 06:40:00,0.0005,0,LOW
VEH0049,Audi,2023-01-01 07:12:00,0.0004,0,LOW
VEH0049,Audi,2023-01-01 07:20:00,0.0013,0,LOW
VEH0049,Audi,2023-01-01 08:24:00,0.0003,0,LOW
VEH0049,Audi,2023-01-01 09:30:00,0.0003,0,LOW
VEH0049,Audi,2023-01-01 09:52:00,0.001,0,LOW
VEH0049,Audi,2023-01-01 10:09:00,0.0589,0,LOW
VEH0049,Audi,2023-01-01 10:24:00,0.0007,0,LOW
VEH0049,Audi,2023-01-01 10:27:00,0.0003,0,LOW
VEH0049,Audi,2023-01-01 12:36:00,0.0004,0,LOW
VEH0049,Audi,2023-01-01 14:10:00,0.0005,0,LOW
VEH0049,Audi,2023-01-01 14:11:00,0.0007,0,LOW
VEH0049,Audi,2023-01-01 14:24:00,0.0025,0,LOW
VEH0049,Audi,2023-01-01 15:01:00,0.0032,0,LOW
VEH0049,Audi,2023-01-01 16:32:00,0.0004,0,LOW
VEH0049,Audi,2023-01-01 17:24:00,0.0005,0,LOW
VEH0049,Audi,2023-01-01 18:12:00,0.9945,1,HIGH
VEH0049,Audi,2023-01-01 20:00:00,0.0004,0,LOW
VEH0049,Audi,2023-01-01 20:39:00,0.0005,0,LOW
VEH0049,Audi,2023-01-01 21:35:00,0.0002,0,LOW
VEH0049,Audi,2023-01-01 22:12:00,0.001,0,LOW
VEH0049,Audi,2023-01-01 23:26:00,0.0054,0,LOW
VEH0049,Audi,2023-01-01 23:30:00,0.0003,0,LOW
VEH0049,Audi,2023-01-02 01:05:00,0.0005,0,LOW
VEH0049,Audi,2023-01-02 02:39:00,0.0004,0,LOW
VEH0049,Audi,2023-01-02 06:15:00,0.0002,0,LOW
VEH0049,Audi,2023-01-02 06:48:00,0.0004,0,LOW
